nickname,name,nationality,team,total_kills,headshot_%,total_deaths,kills/deaths,damage/round,grenade_dmg/round,maps_played,rounds_played,kills/round,assists/round,deaths/round,saved_by_teammate/round,saved_teammates/round,rating
ZywOo,Mathieu Herbaut,France,Vitality,20835.0,41.4,15086.0,1.38,88.8,3.6,934.0,24502.0,0.85,0.13,0.62,0.1,0.12,1.33
s1mple,Aleksandr Kostyliev,Ukraine,Natus Vincere,33651.0,41.4,25119.0,1.34,86.5,2.3,1491.0,39335.0,0.86,0.1,0.64,0.08,0.11,1.25
sh1ro,Dmitry Sokolov,Russia,Gambit,16446.0,27.8,11428.0,1.44,78.6,3.9,805.0,21386.0,0.77,0.11,0.53,0.08,0.11,1.26
Kaze,Andrew Khong,Malaysia,ViCi,16410.0,30.3,12451.0,1.32,80.5,2.9,801.0,20911.0,0.78,0.11,0.6,0.08,0.1,1.19
sterling,Euan Moore,New Zealand,LookingForOrg,15886.0,31.5,11898.0,1.34,79.1,4.0,788.0,20203.0,0.79,0.1,0.59,0.08,0.11,1.22
degster,Abdul Gasanov,Russia,Spirit,12827.0,34.7,9875.0,1.3,79.4,3.0,613.0,16307.0,0.79,0.09,0.61,0.07,0.1,1.21
smooya,Owen Butterfield,United Kingdom,fnatic,16169.0,27.5,12772.0,1.27,79.2,2.4,779.0,20571.0,0.79,0.1,0.62,0.08,0.1,1.2
torzsi,Ádám Torzsás,Hungary,MOUZ,8006.0,29.4,6367.0,1.26,79.4,2.5,380.0,10165.0,0.79,0.1,0.63,0.09,0.11,1.19
XANTARES,Ismailcan Dörtkardeş,Turkey,Eternal Fire,35003.0,53.4,29252.0,1.2,88.9,4.3,1639.0,43090.0,0.81,0.15,0.68,0.1,0.1,1.17
SENSEi,Dmitriy Shvorak,Ukraine,Run or Die,7859.0,31.5,5913.0,1.33,75.6,2.5,398.0,10538.0,0.75,0.08,0.56,0.07,0.09,1.2
device,Nicolai Reedtz,Denmark,NIP,36293.0,35.0,29085.0,1.25,80.3,4.3,1793.0,46666.0,0.78,0.13,0.62,0.07,0.08,1.16
coldzera,Marcelo David,Brazil,00Nation,27380.0,49.4,21748.0,1.26,79.6,2.4,1358.0,35408.0,0.77,0.11,0.61,0.08,0.1,1.16
BnTeT,Hansel Ferdinand,Indonesia,EXTREMUM,19744.0,39.8,15976.0,1.24,83.4,5.1,984.0,25640.0,0.77,0.15,0.62,0.1,0.12,1.16
NiKo,Nikola Kovač,Bosnia and Herzegovina,G2,32825.0,50.5,27553.0,1.19,85.8,4.2,1552.0,41181.0,0.8,0.13,0.67,0.08,0.1,1.16
XigN,Hyun-Pyo Lee,Korea,NKT,13621.0,52.4,11268.0,1.21,83.0,2.7,669.0,17299.0,0.79,0.12,0.65,0.09,0.1,1.15
Sico,Simon Williams,New Zealand,Renegades,16415.0,34.9,12743.0,1.29,79.4,7.0,857.0,21744.0,0.75,0.14,0.59,0.09,0.1,1.15
KSCERATO,Kaike Cerato,Brazil,FURIA,16244.0,50.0,12686.0,1.28,79.4,5.3,843.0,21920.0,0.74,0.13,0.58,0.08,0.1,1.19
blameF,Benjamin Bremer,Denmark,Astralis,15540.0,39.7,12367.0,1.26,85.3,6.8,765.0,20435.0,0.76,0.14,0.61,0.07,0.09,1.22
Benkai,Benedict Tan,Singapore,No team,12164.0,46.7,10118.0,1.2,85.4,4.2,603.0,15560.0,0.78,0.14,0.65,0.07,0.1,1.14
XELLOW,Adrian Guță,Romania,Nexus,20328.0,41.2,17254.0,1.18,81.1,1.8,987.0,25873.0,0.79,0.11,0.67,0.09,0.11,1.14
Jame,Dzhami Ali,Russia,Virtus.pro,21379.0,25.3,16348.0,1.31,73.5,3.9,1118.0,29643.0,0.72,0.09,0.55,0.07,0.09,1.18
Texta,Matthew O'Rourke,Australia,No team,12510.0,40.3,10760.0,1.16,87.1,3.6,625.0,15713.0,0.8,0.18,0.68,0.1,0.13,1.21
vsm,Vinicius Moreira,Brazil,00Nation,9927.0,46.4,8474.0,1.17,84.5,3.0,481.0,12716.0,0.78,0.13,0.67,0.09,0.1,1.19
El1an,Aleksei Gusev,Russia,Entropiq,23842.0,27.3,19426.0,1.23,78.7,2.6,1185.0,31545.0,0.76,0.11,0.62,0.07,0.08,1.17
oskar,Tomáš Šťastný,Czech Republic,No team,29315.0,30.5,24456.0,1.2,78.2,3.4,1457.0,38422.0,0.76,0.1,0.64,0.07,0.08,1.13
mhL,Miłosz Knasiak,Poland,MOUZ NXT,8472.0,28.5,7043.0,1.2,80.0,3.9,413.0,11082.0,0.76,0.12,0.64,0.1,0.11,1.17
frozen,David Čerňanský,Slovakia,MOUZ,22322.0,55.1,19037.0,1.17,83.5,5.0,1120.0,29255.0,0.76,0.13,0.65,0.09,0.11,1.13
kennyS,Kenny Schrub,France,G2,37067.0,31.2,30736.0,1.21,74.7,3.4,1852.0,48898.0,0.76,0.11,0.63,0.09,0.11,1.13
yuurih,Yuri Santos,Brazil,FURIA,18512.0,44.6,15557.0,1.19,84.5,4.9,935.0,24389.0,0.76,0.15,0.64,0.09,0.11,1.19
huNter-,Nemanja Kovač,Bosnia and Herzegovina,G2,28420.0,49.4,24423.0,1.16,85.1,5.5,1389.0,36602.0,0.78,0.14,0.67,0.1,0.11,1.12
mantuu,Mateusz Wilczewski,Poland,OG,13121.0,36.3,10895.0,1.2,77.0,3.4,655.0,17537.0,0.75,0.11,0.62,0.09,0.12,1.16
Freeman,WingHei Cheung,Hong Kong,NSN,14141.0,49.4,11989.0,1.18,80.3,2.9,730.0,18621.0,0.76,0.13,0.64,0.09,0.11,1.16
woxic,Özgür Eker,Turkey,Eternal Fire,20250.0,32.5,16856.0,1.2,76.9,2.2,1045.0,27336.0,0.74,0.11,0.62,0.09,0.1,1.12
erkaSt,Erdenetsogt Gantulga,Mongolia,No team,17206.0,50.2,14702.0,1.17,83.4,5.0,859.0,22286.0,0.77,0.15,0.66,0.09,0.09,1.18
xsepower,Bogdan Chernikov,Russia,K23,22054.0,24.9,17704.0,1.25,73.0,2.1,1132.0,30363.0,0.73,0.08,0.58,0.07,0.08,1.16
liTTle,Anatoliy Yashin,Russia,HellRaisers,9317.0,27.7,7766.0,1.2,78.5,2.6,457.0,12154.0,0.77,0.1,0.64,0.07,0.09,1.12
INS,Joshua Potter,Australia,Renegades,17341.0,42.4,14832.0,1.17,85.5,8.4,901.0,22874.0,0.76,0.17,0.65,0.1,0.09,1.19
dream3r,Simeon Ganev,Bulgaria,SKADE,21338.0,50.2,17601.0,1.21,77.5,3.2,1098.0,28590.0,0.75,0.12,0.62,0.08,0.11,1.12
chelleos,Michael Hawkins,New Zealand,Paradox,10470.0,32.0,9174.0,1.14,83.9,4.1,521.0,13460.0,0.78,0.13,0.68,0.1,0.09,1.19
kNgV-,Vito Giuseppe,Brazil,00Nation,16548.0,32.7,14142.0,1.17,78.5,2.1,827.0,21606.0,0.77,0.1,0.65,0.08,0.09,1.12
ropz,Robin Kool,Estonia,FaZe,20366.0,52.0,16951.0,1.2,79.0,2.5,1041.0,27454.0,0.74,0.11,0.62,0.07,0.09,1.15
Jamppi,Elias Olkkonen,Finland,No team,10302.0,31.8,8894.0,1.16,78.2,2.8,503.0,13449.0,0.77,0.1,0.66,0.08,0.09,1.15
wrath,Collin McSweegan,United States,No team,10634.0,50.1,9395.0,1.13,83.9,3.5,525.0,13568.0,0.78,0.14,0.69,0.11,0.14,1.12
Twistzz,Russel Van Dulken,Canada,FaZe,24675.0,62.4,20917.0,1.18,77.0,3.3,1280.0,33527.0,0.74,0.11,0.62,0.1,0.12,1.11
NEOFRAG,Adam Zouhar,Czech Republic,SINNERS,11211.0,48.7,9877.0,1.14,86.9,8.5,550.0,14663.0,0.76,0.16,0.67,0.1,0.12,1.19
PTC,Kitikawin Rattanasukol,Thailand,No team,9304.0,36.1,7896.0,1.18,76.9,2.0,476.0,12393.0,0.75,0.1,0.64,0.08,0.09,1.14
oSee,Josh Ohm,United States,Liquid,19759.0,31.8,16557.0,1.19,77.0,2.9,1021.0,26491.0,0.75,0.11,0.63,0.11,0.13,1.16
GuardiaN,Ladislav Kovács,Slovakia,Singularity,30375.0,29.6,25564.0,1.19,71.9,2.8,1568.0,41069.0,0.74,0.11,0.62,0.08,0.09,1.11
splashske,Nevin Aw,Singapore,No team,14145.0,38.4,12334.0,1.15,78.5,3.5,722.0,18651.0,0.76,0.11,0.66,0.09,0.09,1.11
CeRq,Tsvetelin Dimitrov,Bulgaria,Evil Geniuses,22109.0,27.8,18682.0,1.18,74.5,2.3,1155.0,29984.0,0.74,0.1,0.62,0.1,0.11,1.15
f0rest,Patrik Lindberg,Sweden,Dignitas,39496.0,51.6,33827.0,1.17,76.7,3.7,2009.0,52085.0,0.76,0.12,0.65,0.09,0.1,1.11
Brehze,Vincent Cayonte,United States,Evil Geniuses,22241.0,52.1,19467.0,1.14,80.7,2.5,1120.0,29166.0,0.76,0.12,0.67,0.1,0.12,1.11
ottoNd,Otto Sihvo,Finland,No team,16021.0,26.8,13514.0,1.19,76.3,3.3,821.0,21662.0,0.74,0.11,0.62,0.09,0.11,1.15
poizon,Valentin Vasilev,Bulgaria,No team,20839.0,33.6,17942.0,1.16,78.3,3.8,1062.0,28152.0,0.74,0.12,0.64,0.09,0.1,1.15
Infinite,Gage Green,United States,Orgless,15528.0,50.8,13526.0,1.15,81.2,4.8,796.0,20774.0,0.75,0.14,0.65,0.1,0.11,1.16
zorte,Aleksandr Zagodyrenko,Russia,forZe,12062.0,36.9,10120.0,1.19,74.8,2.6,617.0,16476.0,0.73,0.09,0.61,0.09,0.11,1.15
FREDDyFROG,Fredrik Gustafsson,Sweden,No team,23641.0,40.3,20056.0,1.18,80.3,3.9,1202.0,32041.0,0.74,0.14,0.63,0.09,0.11,1.11
TenZ,Tyson Ngo,Canada,No team,7931.0,51.3,7092.0,1.12,82.4,3.2,401.0,10399.0,0.76,0.14,0.68,0.1,0.12,1.15
ekul,Luke Blakey,Australia,No team,8482.0,36.9,7505.0,1.13,80.6,2.9,428.0,11069.0,0.77,0.12,0.68,0.08,0.09,1.15
Olivia,Peeratch Ingkudanonda,Thailand,LZ,12279.0,37.0,10714.0,1.15,78.5,2.4,634.0,16189.0,0.76,0.11,0.66,0.08,0.09,1.13
HEN1,Henrique Teles,Brazil,No team,19092.0,28.6,15669.0,1.22,74.8,3.8,1037.0,26952.0,0.71,0.12,0.58,0.08,0.09,1.1
mertz,Daniel Mertz,Denmark,No team,19077.0,32.5,16483.0,1.16,77.4,2.4,955.0,25333.0,0.75,0.1,0.65,0.1,0.1,1.1
dexter,Christopher Nong,Australia,MOUZ,17512.0,48.8,15352.0,1.14,82.1,5.2,908.0,23293.0,0.75,0.14,0.66,0.09,0.1,1.1
WARDELL,Matthew Yu,Canada,No team,11627.0,27.2,9979.0,1.17,74.2,2.1,609.0,15901.0,0.73,0.1,0.63,0.09,0.1,1.13
Calyx,Buğra Arkın,Turkey,Eternal Fire,18901.0,56.5,16188.0,1.17,78.5,3.6,984.0,25630.0,0.74,0.12,0.63,0.09,0.1,1.1
hades,Olek Miskiewicz,Poland,ENCE,9493.0,29.9,8039.0,1.18,74.8,2.3,477.0,12815.0,0.74,0.09,0.63,0.07,0.08,1.13
swag,Braxton Pierce,United States,No team,10527.0,49.5,8898.0,1.18,77.6,4.7,556.0,14447.0,0.73,0.14,0.62,0.08,0.09,1.1
mir,Nikolay Bityukov,Russia,Spirit,19402.0,52.2,16868.0,1.15,81.3,5.0,980.0,25665.0,0.76,0.13,0.66,0.1,0.12,1.1
nawwk,Tim Jonasson,Sweden,Apeks,14902.0,35.9,12641.0,1.18,74.0,2.8,756.0,20188.0,0.74,0.1,0.63,0.09,0.11,1.12
aliStair,Alistair Johnston,Australia,Renegades,18804.0,35.2,16072.0,1.17,76.3,3.3,1012.0,25730.0,0.73,0.12,0.62,0.09,0.08,1.15
electroNic,Denis Sharipov,Russia,Natus Vincere,24419.0,50.6,21407.0,1.14,83.1,4.5,1238.0,32623.0,0.75,0.14,0.66,0.09,0.1,1.1
HaZR,Jared O'Bree,Australia,LookingForOrg,13741.0,55.9,12316.0,1.12,81.8,4.4,711.0,18199.0,0.76,0.14,0.68,0.11,0.11,1.15
h4rn,Deyvid Benchev,Bulgaria,No team,9651.0,29.2,8159.0,1.18,73.9,3.3,504.0,13414.0,0.72,0.1,0.61,0.09,0.09,1.13
moose,Kaleb Jayne,Canada,No team,14503.0,44.1,12528.0,1.16,79.2,2.0,752.0,19559.0,0.74,0.12,0.64,0.08,0.09,1.14
Farlig,Asger Jensen,Denmark,No team,12571.0,33.4,10842.0,1.16,72.9,2.3,644.0,17189.0,0.73,0.09,0.63,0.09,0.1,1.12
xccurate,Kevin Susanto,Indonesia,NKT,13120.0,31.3,11416.0,1.15,74.2,1.9,687.0,17816.0,0.74,0.1,0.64,0.1,0.1,1.1
lollipop21k,Igor Solodkov,Belarus,Nemiga,22736.0,49.2,20211.0,1.12,82.3,3.6,1125.0,30111.0,0.76,0.13,0.67,0.09,0.1,1.14
allu,Aleksi Jalli,Finland,ENCE,31189.0,28.6,26876.0,1.16,75.0,3.7,1607.0,42077.0,0.74,0.11,0.64,0.08,0.09,01.09
mixwell,Oscar Cañellas,Spain,No team,16275.0,38.1,14364.0,1.13,79.5,5.7,840.0,21804.0,0.75,0.13,0.66,0.1,0.1,01.09
floppy,Ricky Kemery,United States,Extra Salt,14413.0,49.3,12780.0,1.13,81.6,3.0,738.0,19350.0,0.74,0.14,0.66,0.11,0.14,1.16
Ax1Le,Sergey Rykhtorov,Russia,Gambit,16908.0,49.2,14638.0,1.16,80.0,5.1,878.0,23304.0,0.73,0.14,0.63,0.09,0.1,1.15
dumau,Eduardo Wolkmer,Brazil,GODSENT,7516.0,41.5,6406.0,1.17,79.2,4.6,385.0,10264.0,0.73,0.13,0.62,0.09,0.11,1.15
junior,Paytyn Johnson,United States,Extra Salt,7657.0,29.4,6413.0,1.19,72.0,2.2,410.0,10691.0,0.72,0.09,0.6,0.08,0.1,1.12
mezii,William Merriman,United Kingdom,fnatic,8606.0,49.6,7471.0,1.15,80.9,5.3,434.0,11822.0,0.73,0.14,0.63,0.09,0.12,1.15
GeT_RiGhT,Christopher Alesund,Sweden,No team,33271.0,49.3,28973.0,1.15,76.6,4.4,1745.0,45030.0,0.74,0.15,0.64,0.09,0.08,01.09
JUGi,Jakob Hansen,Denmark,No team,17527.0,27.8,14851.0,1.18,74.1,2.4,940.0,24427.0,0.72,0.1,0.61,0.08,0.1,01.09
Cooper,Austin Abadir,United States,No team,13963.0,32.1,12064.0,1.16,73.8,2.1,733.0,19009.0,0.73,0.09,0.63,0.09,0.1,1.12
syrsoN,Florian Rische,Germany,BIG,31439.0,29.8,27225.0,1.15,74.3,2.4,1621.0,42987.0,0.73,0.1,0.63,0.08,0.09,01.09
dennyslaw,Denislav Dimitrov,Bulgaria,SKADE,19510.0,31.9,17029.0,1.15,75.5,2.9,986.0,26487.0,0.74,0.1,0.64,0.08,0.1,1.12
faveN,Josef Baumann,Germany,BIG,24932.0,54.4,21918.0,1.14,79.1,3.3,1258.0,33574.0,0.74,0.12,0.65,0.1,0.12,1.14
PwnAlone,Josh Pigue,United States,Party Astronauts,15230.0,32.1,13300.0,1.15,76.1,3.2,803.0,21005.0,0.73,0.12,0.63,0.1,0.1,1.14
Sonic,Aran Groesbeek,South Africa,Extra Salt,17758.0,46.6,15541.0,1.14,78.5,4.3,940.0,24238.0,0.73,0.13,0.64,0.11,0.12,01.09
zehN,Jesse Linjala,Finland,FunPlus Phoenix,20665.0,46.0,18281.0,1.13,80.3,7.7,1073.0,28305.0,0.73,0.14,0.65,0.08,0.09,01.09
ZOREE,Lasse Uronen,Finland,No team,31695.0,32.2,27259.0,1.16,73.7,3.7,1653.0,43900.0,0.72,0.1,0.62,0.08,0.1,01.09
gas,Yi Ding,China,Wings Up,8850.0,60.3,8155.0,01.09,82.3,2.1,435.0,11363.0,0.78,0.12,0.72,0.09,0.12,1.12
biguzera,Rodrigo Bittencourt,Brazil,paiN,9717.0,51.9,8449.0,1.15,80.7,5.2,503.0,13393.0,0.73,0.15,0.63,0.1,0.1,1.15
ryx,Ronnie Bylicki,United States,No team,9797.0,36.3,8616.0,1.14,83.7,3.6,491.0,12856.0,0.76,0.16,0.67,0.09,0.12,01.09
BL1TZ,Peter Athanasatos,Australia,No team,13957.0,43.0,12329.0,1.13,75.2,2.4,732.0,18819.0,0.74,0.1,0.66,0.08,0.09,1.1
ScreaM,Adil Benrlitom,Belgium,No team,27501.0,68.1,24396.0,1.13,79.1,3.3,1430.0,37087.0,0.74,0.12,0.66,0.1,0.11,01.09
NAF,Keith Markovic,Canada,Liquid,28554.0,41.9,24754.0,1.15,81.3,5.7,1497.0,39283.0,0.73,0.15,0.63,0.1,0.11,01.09
cynic,David Polster,United States,Party Astronauts,10615.0,41.0,9297.0,1.14,80.9,5.3,551.0,14297.0,0.74,0.14,0.65,0.1,0.12,1.14
nython,Gabriel Lino,Brazil,Isurus,8106.0,39.0,7133.0,1.14,76.9,2.2,405.0,10816.0,0.75,0.11,0.66,0.09,0.1,1.13
Magisk,Emil Reif,Denmark,Vitality,25220.0,47.5,22006.0,1.15,79.9,5.6,1325.0,34833.0,0.72,0.15,0.63,0.09,0.1,01.09
k0nfig,Kristian Wienecke,Denmark,Astralis,28772.0,55.8,26328.0,01.09,81.2,2.8,1443.0,38136.0,0.75,0.13,0.69,0.1,0.1,01.09
exit,Raphael Lacerda,Brazil,MIBR,11461.0,45.2,9818.0,1.17,78.4,4.8,622.0,15947.0,0.72,0.14,0.62,0.1,0.12,1.13
dupreeh,Peter Rasmussen,Denmark,Vitality,35731.0,50.6,31422.0,1.14,77.5,3.2,1867.0,48561.0,0.74,0.14,0.65,0.09,0.09,01.09
nex,Johannes Maget,Germany,No team,21063.0,51.5,18628.0,1.13,78.8,4.7,1074.0,28389.0,0.74,0.15,0.66,0.1,0.12,01.09
EliGE,Jonathan Jablonowski,United States,Liquid,30368.0,49.1,27497.0,1.1,83.5,4.1,1536.0,40235.0,0.75,0.16,0.68,0.1,0.12,01.09
valde,Valdemar Bjørn Vangså,Denmark,OG,23506.0,46.8,20748.0,1.13,80.2,4.9,1203.0,31927.0,0.74,0.14,0.65,0.1,0.1,01.09
Attacker,YuanZhang Sheng,China,TYLOO,23336.0,46.5,20684.0,1.13,79.6,2.3,1212.0,31160.0,0.75,0.14,0.66,0.11,0.12,01.09
Machinegun,Enkhtaivan Lkhagva,Mongolia,No team,7954.0,49.9,7277.0,01.09,81.4,3.1,410.0,10450.0,0.76,0.13,0.7,0.08,0.09,01.08
nukkye,Žygimantas Chmieliauskas,Lithuania,No team,11227.0,39.2,9897.0,1.13,78.3,2.6,592.0,15492.0,0.72,0.12,0.64,0.08,0.09,1.12
Summer,YuLun Cai,China,TYLOO,23036.0,48.8,20204.0,1.14,80.2,5.6,1219.0,31382.0,0.73,0.14,0.64,0.09,0.09,01.08
Hatz,Jordan Bajic,Australia,Renegades,16613.0,50.9,14556.0,1.14,77.9,5.0,902.0,22985.0,0.72,0.14,0.63,0.1,0.11,1.14
Xeppaa,Erick Bach,United States,No team,7145.0,53.7,6442.0,1.11,79.5,3.7,367.0,9519.0,0.75,0.14,0.68,0.11,0.14,1.13
fer,Fernando Alvarenga,Brazil,Last Dance,26474.0,45.0,23891.0,1.11,83.0,4.9,1352.0,35255.0,0.75,0.15,0.68,0.09,0.08,01.08
Savage,Bin Liu,China,TCG,15647.0,37.0,13721.0,1.14,78.2,5.5,836.0,21434.0,0.73,0.13,0.64,0.09,0.09,01.08
felps,João Vasconcellos,Brazil,GODSENT,19242.0,43.9,17626.0,01.09,84.7,3.5,984.0,25194.0,0.76,0.16,0.7,0.1,0.09,01.08
DJOXiC,Đorđe Niciforović,Serbia,GamerS1337,9002.0,29.8,7798.0,1.15,73.0,2.9,489.0,12531.0,0.72,0.1,0.62,0.09,0.1,01.08
Detrony,Dimitri Hadjipaschali,South Africa,No team,7633.0,34.7,6771.0,1.13,77.4,4.4,412.0,10449.0,0.73,0.13,0.65,0.1,0.09,01.08
keev,Kevin Bartholomäus,Germany,No team,11408.0,29.1,10191.0,1.12,73.6,2.8,594.0,15524.0,0.73,0.09,0.66,0.08,0.08,01.08
sergej,Jere Salo,Finland,GORILLAZ,14855.0,48.2,13039.0,1.14,79.3,4.0,776.0,20425.0,0.73,0.14,0.64,0.1,0.11,1.13
draken,William Sundin,Sweden,Savage,19552.0,31.0,17098.0,1.14,74.6,2.1,1028.0,27086.0,0.72,0.1,0.63,0.08,0.08,01.08
FL1T,Evgeny Lebedev,Russia,Virtus.pro,23330.0,47.0,20627.0,1.13,80.4,4.2,1178.0,31795.0,0.73,0.13,0.65,0.09,0.11,1.13
ShahZaM,Shahzeb Khan,United States,No team,18509.0,34.0,16451.0,1.13,74.8,2.4,966.0,25252.0,0.73,0.1,0.65,0.09,0.1,01.08
meyern,Ignacio Meyer,Argentina,Furious,7806.0,54.2,7082.0,1.1,77.2,3.4,411.0,10666.0,0.73,0.11,0.66,0.1,0.13,1.11
jayzaR,Aleksandar Zarkovic,Sweden,ex-Ambush,10382.0,36.3,9429.0,1.1,79.1,3.5,525.0,13870.0,0.75,0.12,0.68,0.09,0.1,01.08
ptr,Peter Gurney,United States,No team,20760.0,26.0,17994.0,1.15,73.5,3.4,1120.0,29335.0,0.71,0.11,0.61,0.09,0.1,01.08
Impulse,Aleksa Stankić,Serbia,4glory,13405.0,35.9,11911.0,1.13,76.1,3.7,702.0,18581.0,0.72,0.12,0.64,0.1,0.11,1.12
shox,Richard Papillon,France,Liquid,37691.0,48.9,33768.0,1.12,75.8,2.9,1953.0,51231.0,0.74,0.12,0.66,0.08,0.08,01.08
autimatic,Timothy Ta,United States,No team,21839.0,44.1,19561.0,1.12,79.6,3.7,1122.0,29309.0,0.75,0.13,0.67,0.1,0.1,01.08
trk,Alencar Rossato,Brazil,No team,14005.0,48.1,12558.0,1.12,80.1,5.0,730.0,19123.0,0.73,0.15,0.66,0.12,0.13,1.15
MICHU,Michał Müller,Poland,MAD Lions,32421.0,50.4,29537.0,1.1,80.3,3.7,1656.0,43414.0,0.75,0.13,0.68,0.09,0.1,01.08
NaToSaphiX,Niels Christian Sillassen,Denmark,No team,17481.0,36.8,15044.0,1.16,72.0,3.1,929.0,24808.0,0.7,0.1,0.61,0.09,0.1,01.08
pz,Jordan White,Australia,VERTEX,6988.0,29.7,6198.0,1.13,75.7,5.3,374.0,9785.0,0.71,0.11,0.63,0.1,0.1,1.12
slaxz-,Fritz Dietrich,Germany,Sprout,14845.0,29.6,13025.0,1.14,72.8,3.0,776.0,20938.0,0.71,0.1,0.62,0.09,0.09,1.11
hAdji,Ali Haïnouss,France,LDLC,21158.0,49.0,18994.0,1.11,79.9,4.1,1094.0,28828.0,0.73,0.13,0.66,0.1,0.12,01.07
Rickeh,Ricardo Mulholland,Australia,ORDER,17401.0,37.6,15076.0,1.15,77.3,5.2,938.0,24573.0,0.71,0.13,0.61,0.08,0.09,01.07
hallzerk,Håkon Fjærli,Norway,Dignitas,13236.0,34.6,11919.0,1.11,74.4,3.0,672.0,18198.0,0.73,0.1,0.65,0.09,0.11,1.11
dycha,Paweł Dycha,Poland,ENCE,13538.0,54.2,12392.0,01.09,81.6,4.6,688.0,18439.0,0.73,0.14,0.67,0.09,0.09,1.13
dapr,Michael Gulino,United States,No team,11313.0,44.1,10311.0,1.1,80.8,6.4,594.0,15426.0,0.73,0.15,0.67,0.1,0.11,1.13
YEKINDAR,Mareks Gaļinskis,Latvia,Virtus.pro,20695.0,59.3,19307.0,01.07,82.8,3.8,1042.0,27679.0,0.75,0.13,0.7,0.09,0.09,1.14
InfrequeNt,Jesse Barker,Australia,No team,8755.0,33.9,7811.0,1.12,76.4,4.2,467.0,12046.0,0.73,0.12,0.65,0.09,0.1,01.07
NikoM,Nicolas Miozzi,Argentina,No team,8674.0,46.1,7815.0,1.11,80.0,4.5,462.0,11840.0,0.73,0.15,0.66,0.1,0.11,01.07
CRUC1AL,Joey Steusel,Netherlands,Endpoint,25766.0,29.1,23094.0,1.12,73.8,2.6,1360.0,35642.0,0.72,0.1,0.65,0.1,0.11,01.07
jks,Justin Savage,Australia,Complexity,21540.0,52.9,19207.0,1.12,77.7,5.4,1169.0,30513.0,0.71,0.13,0.63,0.09,0.11,01.07
Ryxxo,Thomas Nielsen,Denmark,Los Reyes,15006.0,32.9,13291.0,1.13,75.7,6.1,802.0,21039.0,0.71,0.12,0.63,0.09,0.1,01.07
hardzao,Wesley Lopes,Brazil,paiN,10762.0,47.1,9415.0,1.14,75.1,4.5,583.0,15304.0,0.7,0.12,0.62,0.1,0.1,1.11
smike,Sergey Sklyarenko,Ukraine,spray'n'pray,9299.0,33.1,8644.0,01.08,75.6,1.4,480.0,12461.0,0.75,0.1,0.69,0.09,0.08,01.07
NikkeZ,Nikhil Victor,Australia,CAMO,7426.0,46.7,6839.0,01.09,83.0,4.4,383.0,9886.0,0.75,0.15,0.69,0.09,0.1,01.07
Liazz,Jay Tregillgas,Australia,EXTREMUM,16875.0,45.9,14914.0,1.13,78.3,4.6,933.0,24103.0,0.7,0.15,0.62,0.1,0.11,01.07
fejtZ,Kristjan Allsaar,Estonia,No team,14344.0,46.0,13022.0,1.1,77.1,3.6,733.0,19457.0,0.74,0.12,0.67,0.1,0.13,01.07
EspiranTo,Rokas Milasauskas,Lithuania,MANS NOT HOT,16721.0,59.9,15386.0,01.09,77.3,3.2,856.0,22434.0,0.75,0.11,0.69,0.1,0.1,1.11
xand,Alexandre Zizi,Brazil,No team,9681.0,50.2,8806.0,1.1,80.4,4.7,515.0,13210.0,0.73,0.14,0.67,0.1,0.1,01.07
paz,Ahmet Karahoca,Turkey,No team,20217.0,51.2,18219.0,1.11,76.2,2.4,1068.0,27990.0,0.72,0.12,0.65,0.1,0.1,01.07
nicoodoz,Nico Tamjidi,Denmark,Copenhagen Flames,11457.0,31.3,10014.0,1.14,71.1,3.0,599.0,16234.0,0.71,0.08,0.62,0.09,0.1,01.09
QKA,ZhiHai Fu,China,Let's Quit,7642.0,40.3,6935.0,1.1,75.9,1.6,399.0,10332.0,0.74,0.1,0.67,0.08,0.09,1.1
fame,Petr Bolyshev,Russia,K23,7831.0,57.9,7118.0,1.1,78.9,3.2,398.0,10631.0,0.74,0.11,0.67,0.08,0.11,1.12
boltz,Ricardo Prass,Brazil,Last Dance,22696.0,39.5,20182.0,1.12,82.2,8.8,1220.0,31742.0,0.72,0.17,0.64,0.08,0.09,01.07
iDISBALANCE,Artem Egorov,Russia,Nemiga,15312.0,26.9,13433.0,1.14,73.8,2.5,812.0,21519.0,0.71,0.1,0.62,0.09,0.09,1.12
anarkez,Guy Trachtman,Israel,Finest,11268.0,30.6,10152.0,1.11,73.2,2.4,586.0,15638.0,0.72,0.09,0.65,0.09,0.08,1.11
Brollan,Ludvig Brolin,Sweden,fnatic,18043.0,52.5,16570.0,01.09,78.9,4.6,930.0,24734.0,0.73,0.13,0.67,0.09,0.1,1.12
HObbit,Abay Khasenov,Kazakhstan,Gambit,21166.0,46.6,19040.0,1.11,80.2,5.6,1105.0,29158.0,0.73,0.15,0.65,0.08,0.09,01.07
WorldEdit,Georgi Yaskin,Russia,No team,25226.0,28.0,22750.0,1.11,75.0,2.6,1328.0,34716.0,0.73,0.12,0.66,0.08,0.08,01.07
shz,Bruno Martinelli,Brazil,MIBR,14620.0,51.2,13158.0,1.11,77.2,3.2,785.0,20350.0,0.72,0.13,0.65,0.1,0.11,1.1
somebody,HaoWen Xu,China,TYLOO,23702.0,45.8,21561.0,1.1,79.9,3.5,1253.0,32437.0,0.73,0.13,0.66,0.1,0.09,01.07
shroud,Mike Grzesiek,Canada,No team,12588.0,52.9,11277.0,1.12,76.1,3.9,676.0,17460.0,0.72,0.14,0.65,0.09,0.11,01.07
Pimp,Jacob Winneche,Denmark,No team,18116.0,46.6,16100.0,1.13,78.3,3.9,976.0,25052.0,0.72,0.14,0.64,0.1,0.11,01.07
FalleN,Gabriel Toledo,Brazil,Last Dance,27203.0,30.8,23674.0,1.15,71.8,3.5,1499.0,39201.0,0.69,0.11,0.6,0.08,0.08,01.07
DD,Hui Wu,China,No team,17323.0,41.9,15796.0,1.1,81.5,3.1,910.0,23543.0,0.74,0.16,0.67,0.11,0.1,01.07
b4rtiN,Bruno Câmara,Brazil,GODSENT,8717.0,55.7,7843.0,1.11,75.5,3.7,465.0,12215.0,0.71,0.12,0.64,0.1,0.11,1.11
zhokiNg,WeiJie Zhong,China,ViCi,22786.0,50.9,21316.0,01.07,84.0,3.8,1185.0,30249.0,0.75,0.17,0.7,0.12,0.1,01.06
ofnu,Chris Hanley,New Zealand,No team,15793.0,48.9,14413.0,1.1,79.7,5.2,852.0,21778.0,0.73,0.15,0.66,0.1,0.1,01.06
AnJ,Allan Jensen,Denmark,LPSP,7530.0,50.7,6767.0,1.11,77.2,3.8,403.0,10503.0,0.72,0.12,0.64,0.09,0.12,01.06
Ethan,Ethan Arnold,United States,No team,18853.0,49.4,17365.0,01.09,81.4,4.3,986.0,25998.0,0.73,0.15,0.67,0.11,0.11,1.14
tucks,Tyler Reilly,Australia,No team,12457.0,44.0,11176.0,1.11,76.3,4.0,689.0,17415.0,0.72,0.13,0.64,0.09,0.09,01.06
snatchie,Michał Rudzki,Poland,Wisla Krakow,28050.0,29.3,25856.0,01.08,72.3,1.6,1447.0,38872.0,0.72,0.09,0.67,0.08,0.09,01.06
Valiance,Matthew Hartrick,Australia,ORDER,10840.0,52.2,9829.0,1.1,76.3,3.6,596.0,15395.0,0.7,0.14,0.64,0.1,0.11,1.1
Happy,Vincent Schopenhauer,France,No team,28022.0,41.2,25277.0,1.11,77.5,2.7,1464.0,37933.0,0.74,0.12,0.67,0.06,0.07,01.06
acoR,Frederik Gyldstrand,Denmark,MOUZ,19475.0,38.1,17493.0,1.11,73.2,3.7,1057.0,27637.0,0.7,0.1,0.63,0.09,0.1,01.06
malbsMd,Mario Samayoa,Guatemala,00Nation,9092.0,63.1,8731.0,01.04,80.7,4.8,473.0,12020.0,0.76,0.12,0.73,0.11,0.11,1.1
b1t,Valeriy Vakhovskiy,Ukraine,Natus Vincere,7066.0,69.1,6356.0,1.11,76.2,4.4,379.0,10024.0,0.7,0.11,0.63,0.1,0.1,1.12
koosta,Kenneth Suen,United States,No team,18087.0,37.4,16737.0,01.08,76.4,3.6,951.0,25077.0,0.72,0.12,0.67,0.09,0.1,01.06
COLDYY1,Pavel Veklenko,Ukraine,No team,17902.0,55.1,16184.0,1.11,77.5,3.9,947.0,24917.0,0.72,0.13,0.65,0.09,0.11,01.06
SHiPZ,Georgi Grigorov,Bulgaria,SKADE,29725.0,50.3,27795.0,01.07,79.2,3.5,1510.0,40164.0,0.74,0.12,0.69,0.1,0.1,1.1
roeJ,Fredrik Jørgensen,Denmark,Copenhagen Flames,15156.0,55.9,14003.0,01.08,83.0,4.2,769.0,20409.0,0.74,0.15,0.69,0.11,0.11,1.15
chelo,Marcelo Cespedes,Brazil,MIBR,14919.0,61.3,13724.0,01.09,77.8,3.5,810.0,20915.0,0.71,0.13,0.66,0.1,0.1,01.06
pancc,Fillipe Martins,Brazil,No team,10776.0,53.6,10008.0,01.08,79.7,5.0,566.0,14889.0,0.72,0.14,0.67,0.09,0.1,1.11
Skadoodle,Tyler Latham,United States,No team,18365.0,24.8,15907.0,1.15,67.5,2.7,1047.0,27129.0,0.68,0.11,0.59,0.09,0.09,01.06
flying,Peiqi Song,China,Invictus,7505.0,50.5,6987.0,01.07,79.1,3.7,381.0,10193.0,0.74,0.12,0.69,0.09,0.1,01.09
SLOWLY,Kelun Sun,China,TYLOO,9491.0,59.6,8856.0,01.07,79.3,2.8,491.0,13014.0,0.73,0.13,0.68,0.1,0.11,1.12
Maka,Bryan Canda,France,No team,21463.0,36.1,19463.0,1.1,74.7,4.6,1141.0,30292.0,0.71,0.11,0.64,0.09,0.08,1.1
suNny,Miikka Kemppi,Finland,GORILLAZ,25436.0,47.4,23829.0,01.07,80.7,4.9,1310.0,34532.0,0.74,0.14,0.69,0.09,0.09,01.06
sdy,Viktor Orudzhev,Ukraine,MAD Lions,18364.0,50.8,16476.0,1.11,77.4,4.2,998.0,26173.0,0.7,0.13,0.63,0.1,0.11,1.11
TOR,Tosapol Saekow,Thailand,No team,8271.0,28.9,7614.0,01.09,77.0,2.9,452.0,11472.0,0.72,0.12,0.66,0.08,0.09,01.06
Sobol,Kamil Sobolewski,Poland,Wisla Krakow,13196.0,52.2,12206.0,01.08,78.5,4.3,674.0,18302.0,0.72,0.13,0.67,0.08,0.08,01.09
olofmeister,Olof Kajbjer,Sweden,FaZe,29037.0,46.6,26340.0,1.1,72.8,4.4,1559.0,40766.0,0.71,0.13,0.65,0.09,0.08,01.06
nexa,Nemanja Isaković,Serbia,G2,22324.0,51.1,20189.0,1.11,76.6,4.4,1204.0,31837.0,0.7,0.13,0.63,0.1,0.11,01.06
Gratisfaction,Sean Kaiwai,New Zealand,EXTREMUM,16191.0,31.9,14502.0,1.12,73.2,3.3,897.0,23347.0,0.69,0.12,0.62,0.1,0.1,01.05
REDSTAR,Hristiyan Pironkov,Bulgaria,No team,11469.0,48.3,10329.0,1.11,75.1,4.3,611.0,16217.0,0.71,0.12,0.64,0.1,0.1,1.1
broky,Helvijs Saukants,Latvia,FaZe,10984.0,39.5,9797.0,1.12,72.5,3.5,600.0,15953.0,0.69,0.11,0.61,0.1,0.11,01.09
tabseN,Johannes Wodarz,Germany,BIG,35580.0,48.7,34058.0,01.04,84.9,8.1,1839.0,48497.0,0.73,0.16,0.7,0.09,0.09,01.05
rallen,Karol Rodowicz,Poland,Anonymo,33417.0,43.0,30448.0,1.1,82.0,7.4,1738.0,46403.0,0.72,0.16,0.66,0.09,0.09,01.05
Rainwaker,Aleks Petrov,Bulgaria,SKADE,17790.0,43.0,16210.0,1.1,77.7,4.5,942.0,25374.0,0.7,0.13,0.64,0.08,0.1,1.11
ISSAA,Issa Murad,Jordan,No team,16229.0,55.5,14827.0,01.09,75.7,3.6,870.0,22834.0,0.71,0.12,0.65,0.1,0.11,01.05
TeSeS,René Madsen,Denmark,Heroic,14598.0,55.4,13600.0,01.07,78.6,4.4,758.0,20257.0,0.72,0.13,0.67,0.11,0.12,1.11
KRIMZ,Freddy Johansson,Sweden,fnatic,31816.0,40.7,28774.0,1.11,76.6,4.2,1719.0,45221.0,0.7,0.15,0.64,0.09,0.1,01.05
bottle,Lei Mao,China,Invictus,14262.0,56.8,13414.0,01.06,79.5,3.6,756.0,19492.0,0.73,0.14,0.69,0.1,0.1,01.05
Grim,Michael Wince,United States,Extra Salt,15413.0,48.0,14655.0,01.05,78.1,3.6,817.0,21472.0,0.72,0.14,0.68,0.12,0.13,1.1
Ramz1kBO$$,Ramazan Bashizov,Kazakhstan,Golden Knights,8110.0,33.8,7557.0,01.07,75.9,1.5,425.0,11070.0,0.73,0.1,0.68,0.07,0.08,01.09
cajunb,René Borg,Denmark,No team,31737.0,41.1,28859.0,1.1,73.5,3.1,1732.0,45317.0,0.7,0.12,0.64,0.09,0.1,01.05
HZ,Zhen Huang,China,TSG,9305.0,49.4,8614.0,01.08,81.7,3.8,500.0,12856.0,0.72,0.17,0.67,0.13,0.12,01.05
Qikert,Aleksei Golubev,Kazakhstan,Virtus.pro,22314.0,56.4,20324.0,1.1,77.8,4.7,1198.0,31659.0,0.7,0.13,0.64,0.1,0.1,1.11
mou,Rustem Telepov,Kazakhstan,No team,28048.0,28.0,25564.0,1.1,73.9,4.0,1489.0,39475.0,0.71,0.11,0.65,0.08,0.09,01.05
juanflatroo,Flatron Halimi,Albania,BLINK,9989.0,57.1,9609.0,01.04,83.0,5.3,492.0,13165.0,0.76,0.13,0.73,0.09,0.1,1.1
refrezh,Ismail Ali,Denmark,Heroic,17195.0,49.6,15830.0,01.09,75.5,3.3,912.0,24288.0,0.71,0.11,0.65,0.1,0.1,01.09
Lucky,Philip Ewald,Denmark,Astralis,7565.0,40.7,6846.0,1.11,71.8,2.9,402.0,10843.0,0.7,0.09,0.63,0.09,0.1,01.08
JW,Jesper Wecksell,Sweden,No team,36334.0,36.7,33930.0,01.07,75.8,4.0,1899.0,49846.0,0.73,0.14,0.68,0.08,0.08,01.05
KEi,Kamil Pietkun,Poland,MONKE,12392.0,46.7,11800.0,01.05,82.9,4.8,621.0,16729.0,0.74,0.15,0.71,0.09,0.09,1.12
yay,Jaccob Whiteaker,United States,No team,12452.0,46.7,11848.0,01.05,77.6,3.4,653.0,17182.0,0.72,0.13,0.69,0.1,0.11,01.05
Aerial,Jani Jussila,Finland,HAVU,17286.0,41.5,16100.0,01.07,78.6,2.6,909.0,24089.0,0.72,0.15,0.67,0.11,0.11,1.11
WolfY,Adam Andersson,United States,ECSTATIC,8552.0,35.4,7689.0,1.11,72.2,3.1,463.0,12243.0,0.7,0.1,0.63,0.1,0.11,01.09
Bwills,Brendan Williams,United States,Orgless,12680.0,51.6,11776.0,01.08,78.7,6.2,689.0,17783.0,0.71,0.15,0.66,0.12,0.14,1.11
SicK,Hunter Mims,United States,No team,15002.0,49.8,13962.0,01.07,77.7,2.6,795.0,20701.0,0.72,0.13,0.67,0.1,0.12,01.05
flusha,Robin Rönnquist,Sweden,GORILLAZ,34156.0,42.1,31428.0,01.09,81.4,9.1,1837.0,48146.0,0.71,0.17,0.65,0.09,0.08,01.05
NEEX,Sebastian Trela,Poland,No team,8076.0,31.3,7502.0,01.08,71.5,1.6,429.0,11195.0,0.72,0.09,0.67,0.08,0.1,01.05
zeph,Charlie Dodd,Australia,No team,9663.0,50.0,9201.0,01.05,80.3,3.9,516.0,13136.0,0.74,0.14,0.7,0.1,0.1,1.11
loWel,Christian Garcia Antoran,Spain,No team,18549.0,47.5,16810.0,1.1,75.8,4.5,1008.0,26413.0,0.7,0.13,0.64,0.09,0.11,01.05
Flarich,Vadim Karetin,Latvia,No team,19389.0,55.2,17588.0,1.1,74.1,3.7,1058.0,28161.0,0.69,0.11,0.62,0.08,0.1,01.07
raafa,Rafael Lima,Brazil,No team,11650.0,27.4,10558.0,1.1,72.4,3.7,640.0,16832.0,0.69,0.11,0.63,0.07,0.08,01.07
twist,Simon Eliasson,Sweden,Savage,30239.0,41.0,28309.0,01.07,77.3,4.8,1596.0,42184.0,0.72,0.14,0.67,0.09,0.09,01.05
Zellsis,Jordan Montemurro,United States,No team,11657.0,46.4,10854.0,01.07,79.2,4.8,626.0,16210.0,0.72,0.15,0.67,0.1,0.11,1.11
DavCost,Vadim Vasilyev,Russia,GMT,22352.0,32.4,20513.0,01.09,74.1,3.2,1206.0,31755.0,0.7,0.12,0.65,0.08,0.09,01.05
cadiaN,Casper Møller,Denmark,Heroic,25806.0,27.8,23388.0,1.1,73.6,4.5,1402.0,37040.0,0.7,0.11,0.63,0.09,0.08,01.05
n0rb3r7,David Danielyan,Russia,K23,18457.0,50.9,17669.0,01.04,79.9,4.0,956.0,25563.0,0.72,0.13,0.69,0.08,0.07,01.09
rommi,Roman Golubev,Russia,Moralezz,9899.0,50.8,9295.0,01.06,81.1,3.7,516.0,13467.0,0.74,0.14,0.69,0.08,0.1,01.05
iM,Ivan Mihai,Romania,GamerLegion,13020.0,49.5,12440.0,01.05,81.9,3.7,662.0,17696.0,0.74,0.13,0.7,0.09,0.09,1.11
MarKE,Edgar Maldonado,Mexico,No team,16738.0,53.1,15379.0,01.09,79.0,5.2,925.0,23802.0,0.7,0.15,0.65,0.11,0.12,1.12
motm,Ian Hardy,United States,ATK,15465.0,51.5,14593.0,01.06,76.0,2.9,812.0,21394.0,0.72,0.11,0.68,0.11,0.12,01.09
afro,Aurélien Drapier,France,DBL PONEY,8307.0,36.5,7649.0,01.09,72.5,5.6,454.0,12018.0,0.69,0.11,0.64,0.09,0.09,01.08
kabal,Batbayar Bat-Enkh,Mongolia,Checkmate,13743.0,46.0,12697.0,01.08,77.8,4.6,738.0,19360.0,0.71,0.13,0.66,0.08,0.09,01.09
Kjaerbye,Markus Kjærbye,Denmark,No team,28410.0,52.9,26300.0,01.08,78.6,3.9,1519.0,39947.0,0.71,0.14,0.66,0.09,0.1,01.04
Maden,Pavle Bošković,Montenegro,FunPlus Phoenix,11260.0,52.0,10795.0,01.04,80.6,5.4,575.0,15309.0,0.74,0.14,0.71,0.09,0.1,1.1
aumaN,ZhiHong Liu,China,ViCi,15613.0,41.7,14419.0,01.08,81.1,5.8,856.0,21958.0,0.71,0.16,0.66,0.08,0.08,01.04
fnx,Lincoln Lau,Brazil,Last Dance,11067.0,49.9,10215.0,01.08,81.0,6.0,605.0,15482.0,0.71,0.16,0.66,0.09,0.09,01.04
KHTEX,Dener Barchfield,Brazil,No team,10823.0,45.5,9900.0,01.09,75.5,4.3,598.0,15414.0,0.7,0.13,0.64,0.09,0.11,01.09
Marcelious,Ole Kristian Langan,Norway,No team,8629.0,31.1,8072.0,01.07,73.7,3.1,451.0,12207.0,0.71,0.1,0.66,0.1,0.11,01.07
stavn,Martin Lund,Denmark,Heroic,20227.0,43.3,19021.0,01.06,80.8,3.9,1047.0,27904.0,0.72,0.14,0.68,0.1,0.1,1.11
malta,Liam Schembri,Australia,No team,16643.0,39.5,15316.0,01.09,77.0,3.6,943.0,24008.0,0.69,0.15,0.64,0.09,0.08,1.1
zewsy,Ryan Palmer,New Zealand,No team,11142.0,41.0,10475.0,01.06,79.0,3.4,618.0,15666.0,0.71,0.16,0.67,0.11,0.1,01.04
STOMP,Daniel Płomiński,Poland,No team,15139.0,26.1,13810.0,1.1,73.3,3.9,809.0,21729.0,0.7,0.11,0.64,0.08,0.09,01.09
buster,Timur Tulepov,Kazakhstan,Virtus.pro,21779.0,48.1,19757.0,1.1,73.8,3.5,1204.0,31803.0,0.68,0.11,0.62,0.08,0.09,01.09
Snakes,Ryan Amann,United States,No team,7287.0,43.3,6826.0,01.07,77.3,4.5,403.0,10328.0,0.71,0.13,0.66,0.11,0.1,01.09
Hiko,Spencer Martin,United States,No team,16611.0,53.9,15079.0,1.1,71.6,5.0,937.0,24398.0,0.68,0.14,0.62,0.1,0.11,01.04
Geniuss,Kritthee Sawatmuang,Thailand,No team,7345.0,56.4,7036.0,01.04,78.5,3.3,398.0,10155.0,0.72,0.13,0.69,0.11,0.11,1.11
Lucky,Lucas Chastang,France,DBL PONEY,20033.0,41.6,18526.0,01.08,77.2,6.4,1087.0,28919.0,0.69,0.14,0.64,0.1,0.1,1.1
Snax,Janusz Pogorzelski,Poland,MONKE,38933.0,36.5,36148.0,01.08,74.8,4.4,2095.0,55249.0,0.7,0.13,0.65,0.08,0.08,01.04
eraa,Sean Knutsson,Sweden,GamerLegion,8730.0,33.2,8180.0,01.07,73.9,3.3,452.0,12234.0,0.71,0.1,0.67,0.09,0.09,01.06
HSK,Hae-Sung Kim,Korea,No team,9678.0,31.1,8833.0,1.1,75.2,4.5,540.0,13851.0,0.7,0.14,0.64,0.12,0.12,01.04
Reality,Manutsawat Sangphadung,Thailand,No team,6626.0,31.2,6167.0,01.07,73.7,3.5,367.0,9374.0,0.71,0.11,0.66,0.09,0.09,01.07
JUST,Tiago Moura,Portugal,SAW,14033.0,55.3,13196.0,01.06,75.8,5.4,765.0,20177.0,0.7,0.13,0.65,0.1,0.11,01.04
Kntz,Krit Chaiprasit,Thailand,NKT,8655.0,47.4,8026.0,01.08,76.2,2.7,473.0,12167.0,0.71,0.12,0.66,0.1,0.11,01.08
Bubzkji,Lucas Andersen,Denmark,Astralis,15534.0,50.8,14571.0,01.07,80.4,5.4,817.0,21619.0,0.72,0.14,0.67,0.09,0.1,01.04
phzy,Love Smidebrant,Sweden,Young Ninjas,7064.0,29.2,6445.0,1.1,72.2,2.3,384.0,10315.0,0.68,0.1,0.62,0.08,0.08,01.07
ANDROID,Bradley Fodor,Canada,No team,15394.0,50.7,14358.0,01.07,75.7,3.0,835.0,21741.0,0.71,0.13,0.66,0.1,0.12,01.04
LOVEYY,KunHua Bai,China,No team,12939.0,52.0,12240.0,01.06,78.0,3.5,708.0,17977.0,0.72,0.15,0.68,0.11,0.11,01.04
land1n,Paulo Felipe,Brazil,Los Grandes,13113.0,31.1,11917.0,1.1,69.8,2.3,744.0,19462.0,0.67,0.11,0.61,0.08,0.09,01.04
imoRR,Ömer Karataş,Turkey,Eternal Fire,10082.0,50.4,9886.0,01.02,80.6,4.1,517.0,13781.0,0.73,0.13,0.72,0.1,0.09,1.11
jkaem,Joakim Myrbostad,Norway,Apeks,22605.0,51.8,21722.0,01.04,79.5,3.6,1181.0,31149.0,0.73,0.14,0.7,0.11,0.11,01.04
DiMKE,Dimitrije Veljković,Serbia,4glory,10635.0,47.1,10103.0,01.05,79.5,4.2,571.0,14931.0,0.71,0.15,0.68,0.11,0.13,01.04
Davidp,David Prins,Belgium,No team,14255.0,39.7,13246.0,01.08,77.9,7.6,774.0,20539.0,0.69,0.14,0.64,0.07,0.08,01.03
tb,BingYuan Li,China,TCG,11088.0,49.9,10380.0,01.07,76.7,3.5,619.0,15737.0,0.7,0.15,0.66,0.11,0.11,01.03
max,Maximiliano Gonzalez,Uruguay,9z,9176.0,45.9,8591.0,01.07,78.9,3.9,494.0,13014.0,0.71,0.14,0.66,0.11,0.1,1.11
sjuush,Rasmus Beck,Denmark,Heroic,13658.0,53.0,12765.0,01.07,75.9,3.8,752.0,19874.0,0.69,0.13,0.64,0.1,0.11,01.09
dEE,Miloš Marčeta,Serbia,4glory,8169.0,33.5,7618.0,01.07,72.7,2.9,439.0,11583.0,0.71,0.1,0.66,0.09,0.1,01.07
smiley,Algat Abdul,Kazakhstan,Unique,7612.0,28.6,6989.0,01.09,73.1,3.2,409.0,11051.0,0.69,0.1,0.63,0.09,0.09,01.08
tarik,Tarik Celik,United States,No team,26620.0,37.8,25304.0,01.05,76.8,2.9,1438.0,37326.0,0.71,0.14,0.68,0.11,0.1,01.03
rAge,Dmitry Bolotov,Ukraine,No team,6850.0,31.8,6166.0,1.11,71.2,4.5,382.0,10184.0,0.67,0.1,0.61,0.07,0.09,01.07
NK4Y,Nikola Radushev,Bulgaria,No team,8697.0,62.1,8268.0,01.05,76.3,3.6,480.0,12325.0,0.71,0.14,0.67,0.1,0.11,01.07
USTILO,Karlo Pivac,Australia,ORDER,19924.0,46.1,19071.0,01.04,77.6,3.2,1094.0,28252.0,0.71,0.14,0.68,0.1,0.1,01.03
Subroza,Yassine Taoufik,Canada,No team,11748.0,48.4,11373.0,01.03,80.7,5.2,623.0,16275.0,0.72,0.15,0.7,0.09,0.09,1.1
FaNg,Justin Coakley,Canada,Extra Salt,10695.0,56.1,10108.0,01.06,77.1,4.0,576.0,14967.0,0.71,0.13,0.68,0.11,0.1,1.1
JonY BoY,Jonathan Muñoz,Argentina,Furious,7530.0,34.8,7146.0,01.05,75.3,3.7,418.0,10732.0,0.7,0.11,0.67,0.08,0.09,01.03
juho,Juho Lampinen,Finland,FcottoNd,14482.0,45.7,14204.0,01.02,79.0,2.3,752.0,19789.0,0.73,0.14,0.72,0.1,0.09,01.03
dobu,Gan-Erdene Batbold,Mongolia,Renewal,13902.0,54.5,13296.0,01.05,79.8,3.3,743.0,19453.0,0.71,0.15,0.68,0.1,0.1,01.03
captainMo,Ke Liu,China,Steel Helmet,14852.0,40.1,14192.0,01.05,74.3,2.5,807.0,20783.0,0.71,0.12,0.68,0.1,0.1,01.03
alex,Alejandro Masanet,Spain,Movistar Riders,22452.0,45.6,21046.0,01.07,76.4,4.5,1218.0,32238.0,0.7,0.14,0.65,0.09,0.11,01.03
cxzi,Danny Strzelczyk,United States,No team,7196.0,37.2,7042.0,01.02,81.6,4.9,379.0,9822.0,0.73,0.14,0.72,0.1,0.08,1.1
kressy,Marko Đorđević,Germany,cowana,19861.0,48.0,18644.0,01.07,75.8,3.8,1071.0,28697.0,0.69,0.13,0.65,0.1,0.1,01.08
REZ,Fredrik Sterner,Sweden,NIP,23384.0,49.4,22223.0,01.05,78.2,3.8,1264.0,33290.0,0.7,0.14,0.67,0.1,0.1,01.03
yam,Yaman Ergenekon,Australia,No team,9755.0,34.6,9105.0,01.07,74.5,4.9,547.0,14003.0,0.7,0.13,0.65,0.09,0.09,01.03
fleav,Fodor Levente,Hungary,Budapest Five,10361.0,40.8,10027.0,01.03,79.9,2.7,541.0,14235.0,0.73,0.13,0.7,0.09,0.1,01.08
F1KU,Maciej Miklas,Poland,AGO,10054.0,55.0,9697.0,01.04,77.9,4.9,528.0,14343.0,0.7,0.13,0.68,0.09,0.09,01.08
Relaxa,Joakim Gustafsson,Sweden,No team,21399.0,30.1,19453.0,1.1,72.4,4.3,1198.0,31928.0,0.67,0.12,0.61,0.09,0.09,01.03
szejn,Hubert Światły,Poland,MOUZ NXT,8640.0,51.5,8343.0,01.04,78.3,3.9,460.0,12292.0,0.7,0.13,0.68,0.09,0.09,01.07
Patsi,Robert Isyanov,Russia,Spirit,8346.0,45.4,8063.0,01.04,78.5,3.7,439.0,11769.0,0.71,0.13,0.69,0.11,0.1,01.09
znajder,Andreas Lindberg,Sweden,No team,19778.0,47.9,18708.0,01.06,76.8,4.3,1050.0,27577.0,0.72,0.15,0.68,0.1,0.1,01.03
DEV7L,Patrik Stuchlík,Czech Republic,No team,9988.0,34.2,9406.0,01.06,72.4,2.7,549.0,14256.0,0.7,0.1,0.66,0.09,0.1,01.03
AiyvaN,Ivan Semenets,Ukraine,GUESS,12635.0,37.8,12043.0,01.05,74.2,3.2,694.0,18045.0,0.7,0.11,0.67,0.1,0.1,01.03
flamie,Egor Vasilyev,Russia,1WIN,28354.0,54.4,26886.0,01.05,75.5,3.8,1535.0,40450.0,0.7,0.14,0.66,0.09,0.09,01.03
sLowi,Olli Pitkänen,Finland,HAVU,20388.0,51.6,19455.0,01.05,76.6,4.7,1087.0,29185.0,0.7,0.14,0.67,0.09,0.09,01.03
TRAVIS,Aleksandr Timkiv,Russia,1WIN,7720.0,55.2,7428.0,01.04,78.9,4.3,416.0,11015.0,0.7,0.14,0.67,0.1,0.08,1.1
rain,Håvard Nygaard,Norway,FaZe,28600.0,56.3,27764.0,01.03,80.0,3.4,1520.0,40176.0,0.71,0.15,0.69,0.1,0.09,01.03
JDC,Jon de Castro,Germany,MOUZ NXT,7359.0,51.7,7053.0,01.04,77.4,2.9,399.0,10433.0,0.71,0.13,0.68,0.1,0.11,01.07
stfN,Stefan Seier,Germany,cowana,24323.0,46.5,22898.0,01.06,75.8,4.0,1318.0,35023.0,0.69,0.14,0.65,0.1,0.12,01.03
Patitek,Patryk Fabrowski,Poland,No team,7153.0,51.6,6975.0,01.03,80.0,3.2,377.0,9918.0,0.72,0.13,0.7,0.1,0.1,01.08
fl0m,Erik Flom,United States,Mythic,11769.0,29.8,11151.0,01.06,74.2,3.5,636.0,16792.0,0.7,0.12,0.66,0.1,0.1,01.03
Xyp9x,Andreas Højsleth,Denmark,Astralis,32236.0,41.7,29683.0,01.09,75.5,6.2,1865.0,48491.0,0.66,0.16,0.61,0.08,0.09,01.03
aizy,Philip Aistrup,Denmark,No team,28791.0,50.4,27613.0,01.04,75.6,4.3,1563.0,41178.0,0.7,0.14,0.67,0.1,0.1,01.03
Krad,Vladislav Kravchenko,Russia,Entropiq,19669.0,49.1,18966.0,01.04,77.4,4.7,1060.0,28116.0,0.7,0.14,0.67,0.09,0.1,01.08
shuadapai,Wei Wang,China,R-Stars,9880.0,52.4,9388.0,01.05,76.0,3.5,549.0,14214.0,0.7,0.14,0.66,0.11,0.11,01.08
FrostMisty,Albert Giovanni,Indonesia,No team,6710.0,41.8,6299.0,01.07,79.0,2.8,376.0,9498.0,0.71,0.14,0.66,0.09,0.1,01.03
FASHR,Dion Derksen,Netherlands,ECSTATIC,11122.0,49.3,10779.0,01.03,78.2,5.2,598.0,15725.0,0.71,0.15,0.69,0.11,0.12,01.09
RIKO,Dylan Sabin-Arnce,United States,ChocoCheck,7573.0,52.7,7418.0,01.02,77.6,3.4,406.0,10568.0,0.72,0.13,0.7,0.1,0.11,01.06
Maluk3,Pedro Campos,Brazil,TeamOne,17261.0,29.2,16152.0,01.07,72.6,5.2,964.0,24987.0,0.69,0.11,0.65,0.09,0.09,01.07
dennis,Dennis Edman,Sweden,No team,29842.0,54.4,28702.0,01.04,76.5,4.0,1575.0,41834.0,0.71,0.12,0.69,0.09,0.1,01.03
food,Victor Wong,United States,No team,8248.0,50.2,7868.0,01.05,77.2,3.9,456.0,11711.0,0.7,0.14,0.67,0.11,0.11,01.03
pashaBiceps,Jarosław Jarząbkowski,Poland,No team,29501.0,37.3,28482.0,01.04,72.5,4.2,1592.0,41228.0,0.72,0.13,0.69,0.08,0.08,01.02
niko,Nikolaj Kristensen,Denmark,OG,21598.0,49.4,20490.0,01.05,75.2,4.2,1181.0,31195.0,0.69,0.13,0.66,0.1,0.11,01.02
hoody,Aaro Peltokangas,Finland,No team,10871.0,49.6,10469.0,01.04,77.2,3.7,575.0,15453.0,0.7,0.13,0.68,0.09,0.1,01.07
CyberFocus,Roman Dergach,Belarus,No team,9080.0,29.7,8760.0,01.04,74.2,2.0,491.0,12779.0,0.71,0.11,0.69,0.08,0.08,01.02
kolor,Ádám Domoszlay,Hungary,Budapest Five,10104.0,27.5,9780.0,01.03,73.5,2.1,545.0,14248.0,0.71,0.11,0.69,0.1,0.12,01.06
kai,Kaique Guidotti,Brazil,Los Grandes,8814.0,35.3,8399.0,01.05,75.9,4.4,483.0,12692.0,0.69,0.14,0.66,0.09,0.11,01.07
Forester,Igor Bezotecheskiy,Russia,Entropiq,20052.0,54.0,19125.0,01.05,76.2,3.3,1092.0,28936.0,0.69,0.13,0.66,0.09,0.09,01.07
NBK-,Nathan Schmitt,France,MOUZ,36741.0,53.6,35343.0,01.04,77.0,3.4,2025.0,52921.0,0.69,0.15,0.67,0.1,0.08,01.02
DeStiNy,Lucas Bullo,Brazil,Isurus,18800.0,50.8,18305.0,01.03,78.7,3.2,1009.0,26187.0,0.72,0.14,0.7,0.11,0.1,01.02
AmaNEk,François Delaunay,France,G2,18586.0,45.2,17373.0,01.07,74.7,4.6,1023.0,27484.0,0.68,0.13,0.63,0.09,0.09,01.02
mouz,Mikołaj Karolewski,Poland,HONORIS,30431.0,50.0,28631.0,01.06,74.4,3.2,1661.0,44146.0,0.69,0.13,0.65,0.09,0.1,01.02
Plopski,Nicolas Gonzalez Zamora,Sweden,NIP,17331.0,41.6,16462.0,01.05,77.3,4.9,936.0,24828.0,0.7,0.14,0.66,0.1,0.11,01.09
Spargo,Jarkko Rahja,Finland,KOVA,6978.0,33.1,6716.0,01.04,70.6,2.3,372.0,10044.0,0.69,0.09,0.67,0.09,0.09,01.05
Tuurtle,Matheus Anhaia,Brazil,MIBR,11726.0,54.7,11312.0,01.04,77.8,2.8,633.0,16643.0,0.7,0.14,0.68,0.1,0.11,01.09
dragonfly,Jacob Lund,Denmark,ex-Maknitude,9094.0,25.1,8592.0,01.06,70.8,3.1,507.0,13234.0,0.69,0.09,0.65,0.09,0.08,01.06
RCF,Rodrigo Figueiredo,Brazil,No team,11369.0,44.1,10910.0,01.04,75.0,2.9,613.0,16053.0,0.71,0.11,0.68,0.1,0.1,01.08
Thomas,Thomas Utting,United Kingdom,Endpoint,16233.0,41.8,15555.0,01.04,81.0,5.5,860.0,22850.0,0.71,0.17,0.68,0.11,0.11,1.11
MoeycQ,Mohammed Tizani,Australia,8Ballers,11485.0,36.8,11047.0,01.04,75.3,5.1,629.0,16341.0,0.7,0.13,0.68,0.09,0.09,01.02
Spongey,Gabe Greiner,United States,Bad News Bears,12480.0,50.7,11501.0,01.09,71.6,4.4,724.0,18774.0,0.66,0.12,0.61,0.1,0.12,01.06
HS,Kevin Tarn,Estonia,No team,20038.0,49.3,19637.0,01.02,78.5,4.9,1053.0,28179.0,0.71,0.15,0.7,0.1,0.11,01.02
jdm64,Josh Marzano,United States,No team,14626.0,23.6,13801.0,01.06,70.1,2.9,823.0,21321.0,0.69,0.1,0.65,0.1,0.09,01.02
ap0c,Mike Aliferis,Australia,LookingForOrg,15822.0,50.7,15328.0,01.03,77.7,5.0,873.0,22374.0,0.71,0.15,0.69,0.1,0.09,01.02
NENO,Anel Ceković,Macedonia,PORTUGAL,11482.0,42.5,10836.0,01.06,75.6,4.2,639.0,16528.0,0.69,0.14,0.66,0.09,0.09,01.02
bondik,Vladyslav Nechyporchuk,Ukraine,No team,26353.0,47.7,24897.0,01.06,74.6,5.3,1454.0,38215.0,0.69,0.13,0.65,0.09,0.1,01.02
MonttY,Martin Melišek,Slovakia,No team,9507.0,46.6,9169.0,01.04,77.3,1.9,522.0,13451.0,0.71,0.14,0.68,0.11,0.11,01.02
FANAT ROCKA,Vasiliy Trusov,Russia,VRTX,8262.0,27.1,7809.0,01.06,71.8,2.8,465.0,12150.0,0.68,0.11,0.64,0.08,0.09,01.02
apEX,Dan Madesclaire,France,Vitality,35956.0,52.0,35169.0,01.02,79.3,4.9,1916.0,50214.0,0.72,0.16,0.7,0.1,0.09,01.02
disco doplan,Joakim Gidetun,Sweden,No team,22193.0,43.9,21099.0,01.05,76.1,3.6,1207.0,32000.0,0.69,0.13,0.66,0.09,0.1,01.02
Nico,Nicolaj Jensen,Denmark,No team,6738.0,26.0,6191.0,01.09,80.6,4.9,399.0,10074.0,0.67,0.12,0.61,0.08,0.14,01.02
qqGOD,Phoomphat Phodjanat,Thailand,LZ,10674.0,40.9,10394.0,01.03,79.2,3.3,584.0,15180.0,0.7,0.16,0.68,0.09,0.09,01.02
es3tag,Patrick Hansen,Denmark,NIP,22359.0,35.7,21461.0,01.04,77.3,5.1,1233.0,32313.0,0.69,0.15,0.66,0.1,0.1,01.02
v1c7oR,Viktor Dyankov,Bulgaria,No team,33791.0,46.3,32579.0,01.04,76.6,4.5,1859.0,48493.0,0.7,0.16,0.67,0.12,0.11,01.02
iDk,Victor Torraca,Brazil,No team,14859.0,47.1,14319.0,01.04,78.5,4.7,817.0,21324.0,0.7,0.15,0.67,0.1,0.09,01.09
mar,Martin Kuyumdjiev,Bulgaria,Finest,12927.0,48.5,12487.0,01.04,79.1,6.6,699.0,18453.0,0.7,0.15,0.68,0.1,0.1,01.08
spaze,Ivan Obrezhan,Russia,MayBe,10281.0,52.0,10192.0,01.01,75.9,2.6,538.0,14117.0,0.73,0.14,0.72,0.1,0.11,01.02
KENSI,Aleksandr Gurkin,Russia,forZe,7480.0,56.0,7016.0,01.07,72.9,4.6,409.0,11038.0,0.68,0.12,0.64,0.09,0.09,01.06
TENZKI,Jesper Plougmann,Denmark,No team,26645.0,52.9,25282.0,01.05,76.9,4.4,1474.0,38768.0,0.69,0.14,0.65,0.09,0.1,01.02
Ace,Brandon Winn,United States,No team,7922.0,31.4,7352.0,01.08,68.5,2.3,456.0,11866.0,0.67,0.1,0.62,0.09,0.1,01.06
dimasick,Dmitry Matvienko,Kazakhstan,No team,10747.0,49.1,10300.0,01.04,75.9,3.5,585.0,15322.0,0.7,0.12,0.67,0.08,0.09,01.06
Swisher,Michael Schmid,United States,Orgless,9212.0,47.8,8999.0,01.02,78.6,5.3,500.0,13037.0,0.71,0.15,0.69,0.1,0.11,01.08
yel,Gustavo Knittel,Brazil,MIBR,16210.0,29.8,15167.0,01.07,71.6,3.0,927.0,23986.0,0.68,0.11,0.63,0.09,0.09,01.02
Markoś,Kuba Markowski,Poland,MONKE,11984.0,29.7,11189.0,01.07,71.8,3.2,661.0,17770.0,0.67,0.11,0.63,0.08,0.08,01.06
fox,Ricardo Pacheco,Portugal,SQUAD,19288.0,32.0,18748.0,01.03,75.5,3.2,1048.0,27373.0,0.7,0.13,0.68,0.1,0.09,01.02
Goofy,Krzysiek Gorski,Poland,Wisla Krakow,19184.0,41.5,18892.0,01.02,78.8,4.7,1000.0,27127.0,0.71,0.15,0.7,0.1,0.11,01.08
ROBO,Vladimir Neskey,Belarus,No team,12328.0,45.6,11700.0,01.05,74.0,2.7,667.0,17746.0,0.69,0.11,0.66,0.09,0.1,01.02
steel,Joshua Nissan,Canada,No team,11498.0,45.7,11237.0,01.02,80.0,4.8,616.0,16284.0,0.71,0.15,0.69,0.09,0.08,01.02
fr0slev,Magnus Frøslev,Denmark,No team,11143.0,48.0,10673.0,01.04,78.1,4.7,611.0,15973.0,0.7,0.14,0.67,0.1,0.12,01.08
LETN1,Nestor Tanić,Serbia,No team,19347.0,49.6,18183.0,01.06,72.8,3.6,1111.0,28880.0,0.67,0.13,0.63,0.1,0.1,01.02
n0thing,Jordan Gilbert,United States,No team,14720.0,52.6,14236.0,01.03,74.9,5.0,813.0,21021.0,0.7,0.15,0.68,0.1,0.1,01.02
SKYTTEN,Alexander Carlsson,Sweden,No team,7087.0,45.2,6759.0,01.05,79.8,4.0,382.0,10157.0,0.7,0.16,0.67,0.1,0.13,01.02
stadodo,Renato Gonçalves,Portugal,SAW,11954.0,40.8,11359.0,01.05,74.5,5.7,666.0,17544.0,0.68,0.13,0.65,0.1,0.09,01.09
Lekr0,Jonas Olofsson,Sweden,Dignitas,22688.0,51.4,21878.0,01.04,76.6,3.9,1228.0,32727.0,0.69,0.14,0.67,0.09,0.1,01.02
queztone,Richard Strnátko,Slovakia,Sampi,12726.0,44.4,12525.0,01.02,77.0,3.1,689.0,18006.0,0.71,0.14,0.7,0.1,0.1,01.02
roseau,Baskoro Dwi Putra,Indonesia,No team,7419.0,40.4,7300.0,01.02,78.1,3.0,412.0,10376.0,0.72,0.15,0.7,0.11,0.11,01.02
roca,Daniel Gustaferri,United States,No team,12336.0,51.4,12141.0,01.02,76.4,3.0,660.0,17324.0,0.71,0.13,0.7,0.1,0.11,01.02
delboNi,Felipe Delboni,Brazil,ex-Imperial,8763.0,44.8,8450.0,01.04,74.8,3.5,493.0,12737.0,0.69,0.13,0.66,0.1,0.11,01.05
arT,Andrei Piovezan,Brazil,FURIA,17046.0,34.3,16796.0,01.01,78.3,3.7,921.0,23908.0,0.71,0.14,0.7,0.1,0.07,1.1
flickz,Sam Jones,Australia,No team,7976.0,48.3,7619.0,01.05,79.0,5.3,461.0,11606.0,0.69,0.16,0.66,0.08,0.08,01.09
glowiing,Aleksandr Matsievich,Russia,1WIN,7736.0,55.4,7675.0,01.01,79.5,4.6,411.0,10868.0,0.71,0.13,0.71,0.1,0.1,01.08
Jyo,Rassim Valijev,Estonia,Nemiga,20456.0,40.8,19496.0,01.05,74.8,5.5,1121.0,29988.0,0.68,0.13,0.65,0.1,0.09,01.07
EasTor,Rajohn Linato,Spain,OFFSET,8692.0,28.4,8305.0,01.05,68.8,2.7,481.0,12797.0,0.68,0.09,0.65,0.1,0.1,01.01
chrisJ,Chris de Jong,Netherlands,No team,31011.0,41.5,29926.0,01.04,70.1,3.3,1727.0,45400.0,0.68,0.11,0.66,0.1,0.08,01.01
aproto,Alex Protopapas,United States,No team,7153.0,57.8,7068.0,01.01,74.9,3.2,383.0,10053.0,0.71,0.11,0.7,0.1,0.13,01.05
1962,Gabriel Sinopoli,Argentina,Leviatan,10252.0,53.7,10221.0,1.0,76.9,3.8,557.0,14443.0,0.71,0.14,0.71,0.11,0.1,01.07
spyleadeR,Emiliyan Dimitrov,Bulgaria,No team,16729.0,42.3,16566.0,01.01,81.3,4.6,891.0,23002.0,0.73,0.18,0.72,0.1,0.08,01.01
bedonka,Harry Hayes,Australia,No team,6857.0,53.7,6734.0,01.02,76.8,4.1,379.0,9815.0,0.7,0.14,0.69,0.09,0.09,01.06
Voltage,Logan Long,United States,No team,7099.0,28.5,6590.0,01.08,67.4,2.9,420.0,10848.0,0.65,0.09,0.61,0.09,0.1,01.05
SHOCK,Max Kvapil,Czech Republic,SINNERS,10419.0,55.5,10020.0,01.04,73.0,3.6,577.0,15420.0,0.68,0.11,0.65,0.09,0.09,01.05
hampus,Hampus Poser,Sweden,NIP,24170.0,40.5,23889.0,01.01,80.0,4.1,1289.0,34315.0,0.7,0.15,0.7,0.08,0.08,01.01
jedqr,Grzegorz Jędras,Poland,Wisla Krakow,13322.0,53.7,12790.0,01.04,77.1,5.8,709.0,19300.0,0.69,0.15,0.66,0.1,0.1,01.08
kreaz,Rasmus Johansson,Sweden,Finest,11036.0,48.0,10519.0,01.05,75.7,4.4,615.0,16270.0,0.68,0.14,0.65,0.09,0.1,01.01
PlesseN,Niclas Plessen,Sweden,Savage,22217.0,54.7,21998.0,01.01,80.1,5.5,1172.0,31339.0,0.71,0.14,0.7,0.1,0.09,01.01
HUGHMUNGUS,Hugh Anderson,Australia,No team,13103.0,50.7,12622.0,01.04,74.6,4.8,740.0,19182.0,0.68,0.13,0.66,0.1,0.11,01.06
GruBy,Dominik Swiderski,Poland,UNGENTIUM,28743.0,42.6,28028.0,01.03,78.3,3.3,1565.0,41560.0,0.69,0.15,0.67,0.1,0.11,01.01
Stewie2K,Jake Yip,United States,Liquid,27014.0,49.4,26474.0,01.02,77.8,5.1,1481.0,38672.0,0.7,0.14,0.68,0.1,0.08,01.01
b0RUP,Johannes Borup,Denmark,MAD Lions,24193.0,63.8,23748.0,01.02,73.3,4.4,1330.0,35195.0,0.69,0.11,0.67,0.1,0.1,01.01
desi,Derek Branchen,United States,No team,7826.0,51.5,7727.0,01.01,75.6,2.9,430.0,10986.0,0.71,0.13,0.7,0.09,0.1,01.01
Kylar,Kacper Walukiewicz,Poland,MONKE,10541.0,59.0,10233.0,01.03,73.8,4.6,571.0,15386.0,0.69,0.12,0.67,0.1,0.11,01.05
byali,Paweł Bieliński,Poland,ex-Izako Boars,33420.0,51.7,32109.0,01.04,76.2,3.6,1826.0,47928.0,0.7,0.14,0.67,0.09,0.1,01.01
jR,Dmitriy Chervak,Ukraine,No team,15731.0,33.5,15080.0,01.04,71.8,3.3,866.0,23111.0,0.68,0.11,0.65,0.08,0.07,01.01
obj,Francisco Ramos,Portugal,SQUAD,7126.0,31.5,6701.0,01.06,70.0,2.8,409.0,10703.0,0.67,0.11,0.63,0.09,0.09,01.01
Maikelele,Mikail Bill,Sweden,No team,18850.0,37.0,17905.0,01.05,73.3,4.8,1067.0,28134.0,0.67,0.14,0.64,0.09,0.09,01.01
mitch,Mitch Semago,United States,No team,14179.0,44.4,13547.0,01.05,76.8,4.0,807.0,20719.0,0.68,0.14,0.65,0.1,0.11,01.01
Nodios,Magnus Olsen,Denmark,No team,12700.0,54.0,12228.0,01.04,75.8,5.1,697.0,18667.0,0.68,0.14,0.66,0.1,0.11,01.01
Zero,Patrik Žúdel,Slovakia,GamerLegion,17284.0,49.1,16370.0,01.06,72.1,2.5,966.0,25617.0,0.67,0.12,0.64,0.09,0.11,01.01
Viva,Lifan Ran,China,Invictus,10394.0,45.9,9923.0,01.05,71.8,2.7,585.0,15525.0,0.67,0.12,0.64,0.1,0.11,01.06
tatazin,Alef Pereira,Brazil,Los Grandes,12715.0,46.4,11769.0,01.08,69.9,3.2,746.0,19564.0,0.65,0.11,0.6,0.08,0.09,01.05
Noobster,Andy Zhang,Australia,No team,8741.0,34.5,8534.0,01.02,73.2,4.0,495.0,12785.0,0.68,0.12,0.67,0.09,0.09,01.01
xCeeD,Jack Holiman,United States,Triumph,7150.0,43.9,7023.0,01.02,75.2,2.9,398.0,10306.0,0.69,0.13,0.68,0.12,0.11,01.07
leo_drk,Leonardo Oliveira,Brazil,00Nation,9794.0,51.1,9697.0,01.01,77.6,4.4,545.0,13964.0,0.7,0.14,0.69,0.11,0.1,01.08
grux,Denis Gutaj,Sweden,Savage,7871.0,67.4,7642.0,01.03,73.8,2.8,425.0,11313.0,0.7,0.1,0.68,0.1,0.11,01.04
ayaya,YangYang Zheng,China,Wings Up,8275.0,40.3,8160.0,01.01,78.2,2.7,458.0,11590.0,0.71,0.14,0.7,0.09,0.09,01.01
reatz,Paweł Jańczak,Poland,PACT,27092.0,51.6,26318.0,01.03,74.1,2.8,1463.0,39290.0,0.69,0.12,0.67,0.1,0.11,01.01
shokz,Kristjan Jakobson,Estonia,Finest,9472.0,54.2,9234.0,01.03,75.5,3.6,526.0,13932.0,0.68,0.12,0.66,0.08,0.09,01.06
mirbit,Sabit Coktasar,Germany,Nordavind,15351.0,44.0,14425.0,01.06,73.5,5.7,866.0,23162.0,0.66,0.13,0.62,0.09,0.09,01.06
Lack1,Viktor Boldyrev,Kazakhstan,Entropiq,14803.0,45.7,14565.0,01.02,74.4,2.8,802.0,21398.0,0.69,0.13,0.68,0.09,0.09,01.05
Friis,Michael Jørgensen,Denmark,No team,16356.0,26.3,15609.0,01.05,69.4,2.4,938.0,24254.0,0.67,0.11,0.64,0.09,0.08,01.01
dazzLe,Will Loafman,United States,No team,12753.0,42.0,12761.0,1.0,80.9,3.5,690.0,17971.0,0.71,0.16,0.71,0.1,0.09,01.08
zqkS,Caio Fonseca,Brazil,ex-Imperial,12484.0,28.9,11763.0,01.06,69.9,3.7,729.0,18817.0,0.66,0.12,0.63,0.1,0.09,01.01
kalinka,Nikolaj Rysakov,Lithuania,No team,16112.0,52.8,15955.0,01.01,76.6,3.8,855.0,22891.0,0.7,0.12,0.7,0.09,0.09,01.01
HexT,Jadan Postma,Canada,RBG,6998.0,50.8,6880.0,01.02,76.9,4.8,376.0,9979.0,0.7,0.14,0.69,0.13,0.13,01.08
Jinxx,Chris Moseley,Australia,No team,7054.0,52.7,6771.0,01.04,72.3,3.8,400.0,10511.0,0.67,0.12,0.64,0.1,0.13,01.04
to1nou,Antoine Pirard,Belgium,FiveG,15196.0,30.5,14676.0,01.04,68.8,2.2,850.0,22377.0,0.68,0.1,0.66,0.09,0.1,01.01
Tsogoo,Tsog Mashbat,Mongolia,Mazaalai,8315.0,52.9,8158.0,01.02,77.5,3.4,461.0,11774.0,0.71,0.14,0.69,0.1,0.11,01.01
DickStacy,Ollie Tierney,Australia,No team,10534.0,48.9,10188.0,01.03,73.5,4.5,624.0,15708.0,0.67,0.15,0.65,0.11,0.09,01.08
DESPE,Çağatay Sedef,Turkey,No team,8068.0,29.8,7748.0,01.04,68.7,2.5,468.0,12127.0,0.67,0.11,0.64,0.08,0.08,01.01
kioShiMa,Fabien Fiey,France,No team,26259.0,51.3,24967.0,01.05,74.0,5.2,1495.0,39250.0,0.67,0.15,0.64,0.08,0.09,01.01
b0denmaster,Jonathan Bodenmalm,Sweden,Lilmix,7292.0,34.9,7089.0,01.03,73.0,4.9,402.0,10750.0,0.68,0.11,0.66,0.09,0.08,01.06
ALLE,Alexandre Santos,Brazil,Isurus,6671.0,49.6,6501.0,01.03,77.7,5.7,367.0,9739.0,0.68,0.15,0.67,0.1,0.11,01.08
speed4k,Anton Titov,Russia,FreeTON,13678.0,39.2,13110.0,01.04,69.9,2.9,767.0,20579.0,0.66,0.11,0.64,0.09,0.09,01.05
MINISE,Jacek Jeziak,Poland,PACT,34271.0,39.7,33639.0,01.02,74.0,4.9,1851.0,49353.0,0.69,0.12,0.68,0.08,0.07,01.01
FugLy,Jacob Medina,United States,No team,18921.0,43.4,18300.0,01.03,73.5,3.5,1083.0,28153.0,0.67,0.13,0.65,0.1,0.11,01.01
emagine,Chris Rowlands,Australia,No team,12837.0,45.9,12350.0,01.04,73.6,4.8,751.0,18931.0,0.68,0.14,0.65,0.1,0.09,01.01
Polt,Vadim Tsyrov,Russia,1WIN,9270.0,49.2,8853.0,01.05,77.7,3.5,510.0,13490.0,0.69,0.14,0.66,0.08,0.09,01.07
Nifty,Noah Francis,United States,No team,15336.0,36.3,15026.0,01.02,70.2,3.2,865.0,22686.0,0.68,0.09,0.66,0.1,0.09,01.01
nitr0,Nick Cannella,United States,Liquid,23371.0,44.3,22695.0,01.03,72.0,4.9,1323.0,34476.0,0.68,0.14,0.66,0.11,0.1,1.0
waterfaLLZ,Nikita Matveyev,Russia,AVE,15750.0,27.2,15461.0,01.02,72.9,3.3,864.0,22865.0,0.69,0.12,0.68,0.09,0.08,1.0
pounh,Eimantas Lazickas,Lithuania,No team,7289.0,49.5,7198.0,01.01,75.9,2.1,401.0,10552.0,0.69,0.13,0.68,0.09,0.09,01.04
innocent,Paweł Mocek,Poland,Anonymo,30808.0,46.0,30242.0,01.02,77.0,5.1,1690.0,44467.0,0.69,0.15,0.68,0.09,0.09,1.0
siuhy,Kamil Szkaradek,Poland,MOUZ NXT,8069.0,53.6,8063.0,1.0,77.7,4.3,431.0,11551.0,0.7,0.13,0.7,0.1,0.08,01.06
SZPERO,Grzegorz Dziamałek,Poland,Wisla Krakow,35247.0,33.1,34241.0,01.03,72.7,3.3,1950.0,51566.0,0.68,0.12,0.66,0.08,0.07,1.0
Relyks,Skyler Weaver,United States,No team,14589.0,48.8,14428.0,01.01,73.9,5.6,832.0,21258.0,0.69,0.12,0.68,0.1,0.1,1.0
bubble,Kamen Kostadinov,Bulgaria,SKADE,35924.0,41.3,34610.0,01.04,74.8,4.9,2034.0,53233.0,0.67,0.15,0.65,0.1,0.1,1.0
fenvicious,Evgeny Mitsik,Russia,ASAP,13225.0,52.7,13084.0,01.01,75.7,2.4,729.0,19059.0,0.69,0.12,0.69,0.09,0.09,1.0
R0b3n,Roberts Čigauskis,Latvia,Storm Wolves,9420.0,49.8,9174.0,01.03,74.5,3.0,525.0,13824.0,0.68,0.12,0.66,0.09,0.1,01.04
mopoz,Alejandro Fernández-Quejo Cano,Spain,Movistar Riders,19203.0,51.6,19153.0,1.0,76.0,4.8,1061.0,28165.0,0.68,0.13,0.68,0.09,0.07,1.0
glace,Nicolai Jensen,Denmark,No team,10395.0,52.2,10029.0,01.04,74.4,4.1,589.0,15307.0,0.68,0.14,0.66,0.09,0.1,1.0
truth,Erik Hansen Dyrnes,Norway,No team,7996.0,52.0,7902.0,01.01,75.7,3.1,430.0,11505.0,0.7,0.12,0.69,0.09,0.1,1.0
Oderus,Chad Miller,United States,No team,8738.0,34.3,8790.0,0.99,72.3,1.8,473.0,12356.0,0.71,0.09,0.71,0.1,0.1,01.04
1uke,Aleksey Zimin,Russia,No team,11017.0,26.4,10794.0,01.02,71.6,2.2,623.0,16179.0,0.68,0.09,0.67,0.08,0.07,1.0
Edward,Ioann Sukhariev,Ukraine,No team,26683.0,51.1,25994.0,01.03,72.0,2.9,1473.0,38787.0,0.69,0.13,0.67,0.09,0.09,1.0
ableJ,Rinaldo Moda Junior,Brazil,No team,6352.0,50.8,6053.0,01.05,72.1,3.9,372.0,9544.0,0.67,0.13,0.63,0.1,0.09,01.05
dzt,Denis Fischer,Brazil,No team,11845.0,46.4,11676.0,01.01,75.7,3.7,665.0,17229.0,0.69,0.13,0.68,0.1,0.09,1.0
hazed,James Cobb,United States,No team,13273.0,49.8,13354.0,0.99,78.3,4.1,736.0,19138.0,0.69,0.15,0.7,0.09,0.08,1.0
DeathZz,Raúl Jordán Nieto,Spain,Movistar Riders,7816.0,49.9,7650.0,01.02,75.3,3.3,436.0,11642.0,0.67,0.13,0.66,0.09,0.1,01.04
almazer,Almaz Asadullin,Russia,No team,23468.0,51.9,22888.0,01.03,74.3,4.1,1302.0,35000.0,0.67,0.13,0.65,0.1,0.09,01.06
kenzor,Leonard Volodarchuk,Ukraine,GUESS,10785.0,54.8,10728.0,01.01,76.6,2.6,598.0,15627.0,0.69,0.13,0.69,0.1,0.11,01.05
xiaosaGe,Peng Song,China,Steel Helmet,15543.0,47.6,15517.0,1.0,80.0,5.2,840.0,22136.0,0.7,0.16,0.7,0.11,0.1,01.08
cbbk,Thotsaphon Suphatthanaphalaphon,Thailand,No team,7029.0,51.2,6866.0,01.02,75.6,4.3,404.0,10342.0,0.68,0.15,0.66,0.1,0.1,01.06
KILLDREAM,Joao Ferreira,Portugal,No team,7851.0,44.2,7867.0,1.0,81.9,3.4,429.0,11159.0,0.7,0.16,0.7,0.1,0.11,1.0
Basso,Sebastian Aagaard,Denmark,SERA,10081.0,53.0,9816.0,01.03,70.1,3.5,582.0,15218.0,0.66,0.1,0.65,0.09,0.1,1.0
RoLEX,Warittorn Kalanukarn,Thailand,No team,8834.0,51.2,8801.0,1.0,78.6,3.2,492.0,12610.0,0.7,0.14,0.7,0.09,0.09,01.06
zeff,Min-Seok Park,Korea,No team,8381.0,42.0,8327.0,01.01,77.8,4.9,482.0,12229.0,0.69,0.17,0.68,0.13,0.11,1.0
cromen,Jorgen Robertsen,Norway,No team,11785.0,52.8,11718.0,01.01,74.0,3.6,653.0,17335.0,0.68,0.13,0.68,0.11,0.11,1.0
adreN,Eric Hoag,United States,Liquid,12259.0,35.3,11879.0,01.03,76.5,5.7,697.0,18241.0,0.67,0.15,0.65,0.1,0.12,1.0
Jerry,Andrey Mekhryakov,Russia,forZe,26934.0,45.9,26520.0,01.02,76.7,4.2,1461.0,39334.0,0.68,0.14,0.67,0.1,0.09,01.07
MODDII,Andreas Fridh,Sweden,No team,20574.0,52.4,20166.0,01.02,74.6,3.6,1169.0,30527.0,0.67,0.13,0.66,0.08,0.08,1.0
void,Cooper Farrell,Australia,No team,7854.0,40.0,7727.0,01.02,74.1,2.8,437.0,11368.0,0.69,0.13,0.68,0.1,0.11,01.03
pyth,Jacob Mourujärvi,Sweden,No team,13677.0,56.0,13682.0,1.0,70.3,4.1,756.0,19801.0,0.69,0.13,0.69,0.1,0.1,1.0
mds,Aleksandr Rubets,Belarus,No team,19543.0,53.4,19084.0,01.02,72.6,2.8,1087.0,29074.0,0.67,0.11,0.66,0.09,0.09,01.04
supra,Anton Tšernobai,Estonia,GORILLAZ,9439.0,57.9,9376.0,01.01,72.9,5.4,530.0,14221.0,0.66,0.12,0.66,0.1,0.1,01.05
STYKO,Martin Styk,Slovakia,Apeks,25267.0,57.4,24857.0,01.02,74.7,5.1,1431.0,37700.0,0.67,0.14,0.66,0.09,0.09,1.0
reversive,Roberto Themtham,Argentina,Leviatan,10519.0,43.6,10323.0,01.02,75.7,4.5,594.0,15490.0,0.68,0.14,0.67,0.1,0.1,1.0
cam,Cameron Kern,United States,No team,9454.0,50.8,9285.0,01.02,75.3,5.4,544.0,13974.0,0.68,0.15,0.66,0.12,0.12,01.06
Noktse,Nicolás Dávila,Argentina,Isurus,12892.0,38.8,12632.0,01.02,74.2,4.6,733.0,19154.0,0.67,0.13,0.66,0.09,0.08,01.06
peet,Piotr Ćwikliński,Poland,No team,6788.0,34.0,6691.0,01.01,71.0,2.1,379.0,9993.0,0.68,0.12,0.67,0.1,0.1,1.0
pecks,Peter Nguyen,Australia,No team,6620.0,45.9,6458.0,01.03,72.4,4.4,389.0,9930.0,0.67,0.14,0.65,0.09,0.08,1.0
ImpressioN,Anthony Lim,Singapore,NKT,11383.0,48.8,11321.0,01.01,77.0,4.1,641.0,16601.0,0.69,0.15,0.68,0.1,0.11,1.0
ALEX,Alex McMeekin,United Kingdom,fnatic,20286.0,47.5,20558.0,0.99,76.5,3.4,1096.0,29021.0,0.7,0.13,0.71,0.1,0.09,1.0
vice,Daniel Kim,United States,No team,8668.0,49.4,8540.0,01.01,75.9,3.1,493.0,12707.0,0.68,0.14,0.67,0.12,0.11,1.0
Bååten,Linus Andersson,Sweden,No team,13293.0,56.5,13254.0,1.0,74.1,3.7,738.0,19661.0,0.68,0.12,0.67,0.1,0.11,1.0
SIXER,Christophe Xia,France,Ambush,18301.0,39.3,17492.0,01.05,69.7,2.7,1061.0,27930.0,0.66,0.11,0.63,0.09,0.1,1.0
xelos,Jerry Råberg,Sweden,Lemondogs,7776.0,48.3,7750.0,1.0,76.8,5.7,426.0,11262.0,0.69,0.15,0.69,0.08,0.08,1.0
xseveN,Sami Laasanen,Finland,HAVU,22125.0,46.2,21841.0,01.01,78.5,6.0,1241.0,32775.0,0.68,0.16,0.67,0.09,0.09,1.0
kory,Kornél Szedlár,Hungary,Sangal,7717.0,54.9,7778.0,0.99,77.6,4.1,412.0,10985.0,0.7,0.14,0.71,0.11,0.11,01.07
Daffu,Jakob Schildt,Denmark,ECSTATIC,10388.0,52.1,10147.0,01.02,74.0,4.6,583.0,15509.0,0.67,0.14,0.65,0.12,0.13,01.05
robiin,Robin Sjögren,Sweden,No team,27448.0,48.0,27475.0,1.0,80.2,8.6,1498.0,39911.0,0.69,0.17,0.69,0.11,0.1,0.99
freakazoid,Ryan Abadir,United States,No team,15481.0,46.7,15481.0,1.0,77.8,4.4,871.0,22342.0,0.69,0.15,0.69,0.11,0.1,0.99
freddieb,Fredrik Buö,Sweden,No team,20728.0,52.9,20548.0,01.01,77.0,4.2,1135.0,30119.0,0.69,0.14,0.68,0.09,0.09,0.99
SEMPHIS,Kory Friesen,Canada,No team,15472.0,36.5,15505.0,1.0,73.6,3.1,848.0,21936.0,0.71,0.14,0.71,0.1,0.1,0.99
dephh,Rory Jackson,United Kingdom,No team,14252.0,47.6,14484.0,0.98,80.6,4.9,768.0,20106.0,0.71,0.16,0.72,0.11,0.1,0.99
uli,Samu Leirilaakso,Finland,KOVA,9031.0,48.7,8893.0,01.02,76.1,4.9,499.0,13330.0,0.68,0.13,0.67,0.09,0.1,0.99
YDNA,Andrew Adams,Australia,rewound,7636.0,38.9,7533.0,01.01,71.0,2.9,435.0,11265.0,0.68,0.11,0.67,0.09,0.1,01.03
gMd,Anthony Guimond,Canada,No team,8389.0,53.5,8436.0,0.99,75.4,3.5,464.0,12098.0,0.69,0.14,0.7,0.11,0.11,01.05
markeloff,Yegor Markelov,Ukraine,No team,19780.0,41.6,19292.0,01.03,74.3,5.0,1143.0,29624.0,0.67,0.15,0.65,0.08,0.09,0.99
Puls3,Reece Marrs,United Kingdom,Max&BigGarlicDips,7860.0,43.3,7786.0,01.01,74.7,3.8,436.0,11572.0,0.68,0.15,0.67,0.11,0.12,0.99
neptune,Jason Tran,United States,No team,9091.0,55.4,9114.0,1.0,74.8,3.1,498.0,13218.0,0.69,0.13,0.69,0.11,0.1,01.04
rbz,Daniel Urbani,Australia,No team,11278.0,48.9,11140.0,01.01,73.3,4.3,647.0,16903.0,0.67,0.13,0.66,0.09,0.1,0.99
BENDJI,Benjamin Söderena,Sweden,Deportivo,16055.0,32.5,15918.0,01.01,75.4,5.3,878.0,23318.0,0.69,0.14,0.68,0.1,0.1,0.99
JIaYm,Nikita Panyushkin,Russia,GMT,9343.0,52.6,9592.0,0.97,79.4,4.2,483.0,13087.0,0.71,0.14,0.73,0.1,0.1,01.05
jaxi,Costin Vrînceanu,Romania,No team,8103.0,40.5,7920.0,01.02,73.7,2.9,472.0,12125.0,0.67,0.14,0.65,0.09,0.11,0.99
BARBARR,André Möller,Sweden,No team,15776.0,42.7,15796.0,1.0,74.8,3.9,876.0,23180.0,0.68,0.13,0.68,0.09,0.09,0.99
JACKZ,Audric Jug,France,G2,18102.0,58.3,18171.0,1.0,74.6,3.4,1010.0,26769.0,0.68,0.13,0.68,0.1,0.1,0.99
VINI,Vinicius Figueiredo,Brazil,Last Dance,15855.0,49.1,15894.0,1.0,73.6,4.1,916.0,23835.0,0.67,0.13,0.67,0.1,0.09,01.04
WOOD7,Adriano Cerato,Brazil,MIBR,8024.0,31.2,7716.0,01.04,72.6,5.8,465.0,12132.0,0.66,0.12,0.64,0.08,0.08,01.05
isak,Isak Fahlén,Sweden,GamerLegion,8535.0,49.7,8477.0,01.01,73.9,5.3,476.0,12845.0,0.66,0.14,0.66,0.1,0.1,01.04
J1rah,Jireh Youakim,Australia,ORDER,12654.0,46.1,12576.0,01.01,73.1,4.6,732.0,18956.0,0.67,0.13,0.66,0.1,0.08,01.04
gla1ve,Lukas Rossander,Denmark,Astralis,27462.0,46.5,27112.0,01.01,75.4,6.2,1572.0,41259.0,0.67,0.17,0.66,0.1,0.08,0.99
sXe,Cristian Niță,Romania,No team,9753.0,43.0,9787.0,1.0,74.6,3.0,558.0,14440.0,0.68,0.14,0.68,0.1,0.1,0.99
solo,Keun-Chul Kang,Korea,No team,6338.0,47.0,6248.0,01.01,75.2,4.9,369.0,9364.0,0.68,0.12,0.67,0.08,0.08,01.04
raalz,Rasmus Steensborg,Denmark,Sprout,14416.0,58.5,14456.0,1.0,72.9,5.1,798.0,21501.0,0.67,0.12,0.67,0.1,0.11,0.99
Dima,Dmitriy Bandurka,Russia,No team,23782.0,52.5,24309.0,0.98,77.4,4.0,1310.0,34466.0,0.69,0.14,0.71,0.11,0.1,0.99
ANGE1,Kirill Karasiow,Ukraine,No team,31392.0,51.3,32077.0,0.98,80.1,5.0,1728.0,45027.0,0.7,0.17,0.71,0.1,0.07,0.99
Vegi,Arek Nawojski,Poland,ex-Izako Boars,13519.0,47.5,13721.0,0.99,77.2,3.7,711.0,19473.0,0.69,0.14,0.7,0.1,0.1,01.04
kaboose,Jake McDonald,United States,No team,10006.0,54.9,10311.0,0.97,76.1,2.4,549.0,14235.0,0.7,0.12,0.72,0.11,0.11,0.99
facecrack,Dmitriy Alekseyev,Russia,DNG,31273.0,48.4,32000.0,0.98,77.6,3.2,1682.0,44893.0,0.7,0.14,0.71,0.1,0.09,0.99
Drone,Taylor Johnson,United States,No team,8164.0,61.8,8332.0,0.98,75.2,3.9,454.0,11841.0,0.69,0.13,0.7,0.12,0.11,0.99
MUTiRiS,Christopher Fernandes,Portugal,SAW,19976.0,51.0,19958.0,1.0,78.0,5.6,1111.0,29036.0,0.69,0.15,0.69,0.1,0.1,0.99
krii,Kristaps Bricis,Latvia,Daugava,7051.0,49.0,7046.0,1.0,74.2,3.2,398.0,10522.0,0.67,0.14,0.67,0.1,0.12,0.99
Dosia,Mihail Stolyarov,Russia,No team,25227.0,48.1,24934.0,01.01,73.9,5.5,1431.0,37517.0,0.67,0.15,0.66,0.08,0.08,0.99
Furlan,Damian Kislowski,Poland,AGO,36647.0,53.1,37072.0,0.99,76.3,5.2,2029.0,53957.0,0.68,0.14,0.69,0.1,0.09,0.99
vanity,Anthony Malaspina,United States,No team,10461.0,41.8,10381.0,01.01,74.0,4.6,609.0,15688.0,0.67,0.13,0.66,0.1,0.09,01.06
realziN,Antonio Oliveira,Brazil,No team,8986.0,50.0,8940.0,01.01,73.5,5.7,516.0,13634.0,0.66,0.14,0.66,0.11,0.09,01.06
fitch,Bektiyar Bahytov,Kazakhstan,Golden Knights,10410.0,52.6,10620.0,0.98,77.9,4.9,574.0,15207.0,0.68,0.15,0.7,0.09,0.08,0.99
gade,Nicklas Gade,Denmark,BIG,16756.0,53.6,16884.0,0.99,72.5,3.6,964.0,25326.0,0.66,0.12,0.67,0.1,0.1,0.99
morelz,Piotr Taterka,Poland,No team,18966.0,46.9,19242.0,0.99,76.8,3.2,1031.0,27393.0,0.69,0.14,0.7,0.08,0.08,0.99
SAGGERTON,Saku Jokinen,Finland,No team,9723.0,42.6,9954.0,0.98,75.4,4.6,540.0,14097.0,0.69,0.15,0.71,0.11,0.1,0.99
magixx,Boris Vorobiev,Russia,Spirit,9572.0,57.9,9424.0,01.02,69.8,3.6,562.0,14819.0,0.65,0.11,0.64,0.1,0.1,01.04
larsen,Sebastian Larsen,Denmark,Tricked,8429.0,30.4,8350.0,01.01,70.4,4.0,483.0,12689.0,0.66,0.1,0.66,0.09,0.07,0.99
Lukki,Lucas Pilheden,Denmark,No team,15622.0,51.2,15631.0,1.0,72.4,3.0,893.0,23437.0,0.67,0.13,0.67,0.12,0.12,0.99
AZR,Aaron Ward,Australia,EXTREMUM,19524.0,51.5,19699.0,0.99,74.4,3.9,1093.0,28528.0,0.68,0.14,0.69,0.11,0.11,0.99
Jonji,Jonathan Carey,Canada,Party Astronauts,17223.0,41.2,17607.0,0.98,80.3,6.3,963.0,24711.0,0.7,0.17,0.71,0.11,0.08,01.09
ryotzz,Leon Felipe,Brazil,No team,7922.0,37.2,8076.0,0.98,80.4,5.9,447.0,11613.0,0.68,0.18,0.7,0.1,0.09,01.08
DAVEY,David Stafford,Canada,No team,14126.0,41.3,14409.0,0.98,76.8,2.8,800.0,20694.0,0.68,0.14,0.7,0.08,0.08,0.99
bq,Adam Bergqvist,Sweden,Lilmix,6899.0,53.3,7056.0,0.98,74.7,3.2,373.0,10052.0,0.69,0.13,0.7,0.08,0.08,01.03
stellar,Brenden McGrath,United States,No team,7396.0,45.7,7370.0,1.0,76.2,4.3,427.0,10968.0,0.67,0.13,0.67,0.1,0.1,01.05
Xizt,Richard Landström,Sweden,Heroic,28491.0,46.8,27984.0,01.02,70.4,5.0,1665.0,42830.0,0.67,0.17,0.65,0.1,0.1,0.98
kwezz,Oliver Rasmussen,Denmark,Tricked,8403.0,55.8,8465.0,0.99,73.2,4.6,473.0,12655.0,0.66,0.11,0.67,0.09,0.09,01.01
k1to,Nils Gruhne,Germany,BIG,20864.0,57.9,21325.0,0.98,74.4,4.5,1153.0,30688.0,0.68,0.12,0.69,0.1,0.09,01.03
RUBINO,Ruben Villarroel,Norway,No team,17632.0,52.5,17802.0,0.99,71.7,2.3,998.0,26140.0,0.67,0.13,0.68,0.1,0.09,0.98
bodyy,Alexandre Pianaro,France,DBL PONEY,21374.0,56.3,21631.0,0.99,75.6,4.3,1205.0,31812.0,0.67,0.14,0.68,0.11,0.09,0.98
AdreN,Dauren Kystaubayev,Kazakhstan,No team,31357.0,48.8,31574.0,0.99,75.9,5.3,1767.0,46454.0,0.68,0.15,0.68,0.08,0.07,0.98
bew,Brandon Roberts,United States,No team,6854.0,50.7,6911.0,0.99,76.3,6.4,376.0,10079.0,0.68,0.15,0.69,0.11,0.11,01.05
ryann,Ryan Welsh,United States,No team,12192.0,55.1,12461.0,0.98,73.9,3.0,697.0,17857.0,0.68,0.12,0.7,0.12,0.1,01.04
apocdud,Tom Henry,Australia,VERTEX,11799.0,36.3,11865.0,0.99,74.8,5.4,674.0,17479.0,0.68,0.13,0.68,0.11,0.1,01.05
rmn,Ricardo Oliveira,Portugal,SAW,17857.0,54.2,17998.0,0.99,74.1,3.6,1005.0,26273.0,0.68,0.13,0.69,0.1,0.11,0.98
Zix,Krasen Minchev,Bulgaria,No team,7076.0,54.4,7242.0,0.98,75.0,4.4,400.0,10329.0,0.69,0.14,0.7,0.12,0.11,01.04
Perfecto,Ilya Zalutskiy,Russia,Natus Vincere,10572.0,46.5,10219.0,01.03,69.9,4.4,642.0,16922.0,0.62,0.13,0.6,0.09,0.09,01.04
DeadFox,Bence Böröcz,Hungary,No team,13856.0,38.4,13910.0,1.0,69.5,3.5,807.0,21060.0,0.66,0.13,0.66,0.1,0.11,0.98
NickelBack,Aleksei Trofimov,Russia,Entropiq,22442.0,40.1,22451.0,1.0,75.6,6.3,1276.0,33865.0,0.66,0.16,0.66,0.1,0.1,01.05
zende,Erik Sundeqvist,Sweden,No team,7064.0,47.7,7065.0,1.0,74.1,3.4,397.0,10444.0,0.68,0.13,0.68,0.09,0.11,0.98
Boombl4,Kirill Mikhailov,Russia,Natus Vincere,18424.0,41.7,18757.0,0.98,76.2,4.6,1038.0,27483.0,0.67,0.14,0.68,0.09,0.08,01.05
anger,Todd Williams,United States,No team,12065.0,50.9,12294.0,0.98,74.2,3.5,682.0,17700.0,0.68,0.14,0.69,0.1,0.1,0.98
Spiidi,Timo Richter,Germany,Sprout,33533.0,40.2,33343.0,01.01,73.7,5.1,1944.0,51524.0,0.65,0.15,0.65,0.09,0.09,0.98
Llamas,Luke Merchant,Australia,Control,7596.0,49.1,7621.0,1.0,70.9,3.3,451.0,11530.0,0.66,0.12,0.66,0.1,0.11,01.01
RuStY,Alfred Karlsson,Sweden,GamerLegion,21328.0,53.0,21472.0,0.99,74.0,4.3,1183.0,31917.0,0.67,0.14,0.67,0.1,0.1,01.04
doto,Joonas Forss,Finland,ENCE,11512.0,54.8,11696.0,0.98,74.6,4.5,648.0,17287.0,0.67,0.14,0.68,0.09,0.09,0.98
ZEDKO,Jindřich Chyba,Czech Republic,SINNERS,17539.0,52.5,17638.0,0.99,73.4,4.5,999.0,26364.0,0.67,0.13,0.67,0.1,0.09,0.98
tifa,Thiago França,Brazil,No team,7090.0,45.7,7199.0,0.98,74.3,3.6,407.0,10476.0,0.68,0.14,0.69,0.09,0.1,0.98
jnt,Jhonatan Silva,Brazil,Sharks,10050.0,35.5,9892.0,01.02,68.9,3.9,608.0,15674.0,0.64,0.11,0.63,0.09,0.09,01.03
prt,Matheus Scuvero,Brazil,TeamOne,12574.0,53.3,12660.0,0.99,72.8,3.0,724.0,18787.0,0.67,0.13,0.67,0.11,0.11,01.03
SHOOWTiME,Gustavo Gonçalves,Brazil,ex-Imperial,16531.0,45.5,16787.0,0.98,75.2,4.2,946.0,24427.0,0.68,0.13,0.69,0.1,0.1,0.98
niki1,Nikolay Pantaleev,Bulgaria,FATE,17602.0,48.8,17897.0,0.98,76.8,6.7,1006.0,26219.0,0.67,0.16,0.68,0.1,0.09,0.98
BIT,Bruno Fukuda Lima,Brazil,9z,12295.0,48.2,12231.0,01.01,74.2,5.6,727.0,18792.0,0.65,0.15,0.65,0.11,0.09,0.98
syken,Thilo Phan,Germany,No team,7450.0,57.8,7698.0,0.97,74.1,3.3,413.0,10832.0,0.69,0.12,0.71,0.11,0.11,0.98
DeStRoYeR,JiaMing Gu,China,Invictus,10295.0,42.1,10440.0,0.99,74.7,2.7,571.0,15101.0,0.68,0.12,0.69,0.09,0.09,0.98
BURNRUOk,Callum Henderson,Australia,No team,15228.0,50.7,15746.0,0.97,76.9,3.7,860.0,22168.0,0.69,0.14,0.71,0.09,0.08,0.98
djay,Jonathan Dallal,Canada,Party Astronauts,12748.0,48.3,12989.0,0.98,74.4,4.0,729.0,18899.0,0.67,0.14,0.69,0.11,0.11,01.03
RUSH,William Wierzba,United States,No team,23730.0,47.4,24021.0,0.99,72.1,3.8,1369.0,35824.0,0.66,0.15,0.67,0.11,0.1,0.98
Sergiz,Sergey Atamanchuk,Ukraine,Doge Soldiers,7819.0,52.1,7733.0,01.01,72.7,5.1,456.0,12110.0,0.65,0.13,0.64,0.08,0.09,01.03
PERCY,Martin Wessel,Denmark,LPSP,18279.0,58.5,18665.0,0.98,73.5,4.2,1024.0,27224.0,0.67,0.12,0.69,0.09,0.09,0.98
NEKIZ,Gabriel Schenato,Brazil,paiN,15480.0,48.1,15812.0,0.98,74.9,3.9,874.0,22938.0,0.67,0.13,0.69,0.1,0.1,0.98
Radifaction,Haakon Tholo,Norway,No team,8996.0,49.8,9178.0,0.98,75.3,3.4,498.0,13361.0,0.67,0.13,0.69,0.09,0.09,01.03
jabbi,Jakob Nygaard,Denmark,Copenhagen Flames,11721.0,60.1,11810.0,0.99,70.6,4.4,658.0,17795.0,0.66,0.11,0.66,0.11,0.11,01.02
Marek,Tzu-Chi Huang,Taiwan,No team,6820.0,52.1,6918.0,0.99,73.8,3.5,391.0,10297.0,0.66,0.13,0.67,0.09,0.1,0.98
blocker,Yanko Panov,Bulgaria,No team,15729.0,49.3,16240.0,0.97,77.0,4.9,864.0,22973.0,0.68,0.15,0.71,0.11,0.12,01.05
RpK,Cédric Guipouy,France,No team,26056.0,50.7,26673.0,0.98,72.1,2.9,1499.0,39100.0,0.67,0.13,0.68,0.11,0.11,0.97
SPELLAN,Teodor Nikolov,Bulgaria,No team,24573.0,39.6,24808.0,0.99,74.1,5.4,1430.0,37438.0,0.66,0.13,0.66,0.08,0.08,01.03
mono,Michał Gabszewicz,Poland,No team,11609.0,44.6,11617.0,1.0,75.6,5.7,660.0,17625.0,0.66,0.13,0.66,0.07,0.09,0.97
sinnopsyy,Dionis Budeci,Albania,BLINK,10125.0,57.6,10587.0,0.96,78.7,5.4,547.0,14724.0,0.69,0.13,0.72,0.08,0.07,01.03
leman,Eryk Kocęba,Poland,AGO,7605.0,51.7,7706.0,0.99,71.9,4.0,431.0,11582.0,0.66,0.13,0.67,0.1,0.12,0.97
jmqa,Savelii Bragin,Russia,No team,16152.0,51.0,16425.0,0.98,73.8,4.4,922.0,24189.0,0.67,0.13,0.68,0.09,0.08,0.97
propleh,Dmitriy Senigov,Russia,No team,6836.0,49.2,6938.0,0.99,74.2,4.3,387.0,10295.0,0.66,0.14,0.67,0.1,0.11,01.03
wiz,Jerric Jiang,United States,RBG,6650.0,28.8,6704.0,0.99,69.6,4.4,381.0,10127.0,0.66,0.1,0.66,0.09,0.1,01.01
seb,Sebastian Bucki,United States,No team,10456.0,45.5,10680.0,0.98,76.0,4.1,603.0,15586.0,0.67,0.15,0.69,0.11,0.11,0.97
Keoz,Nicolas Dgus,Belgium,LDLC,13932.0,54.9,14497.0,0.96,75.1,4.9,774.0,20576.0,0.68,0.13,0.7,0.1,0.09,01.03
TMB,Thomas Bundsbæk,Denmark,MAD Lions,10851.0,47.7,11163.0,0.97,77.8,7.3,609.0,16241.0,0.67,0.16,0.69,0.1,0.09,01.05
oskarish,Oskar Stenborowski,Poland,No team,16766.0,50.7,17070.0,0.98,70.6,4.2,963.0,25655.0,0.65,0.12,0.67,0.1,0.1,0.97
Drea3er,ZhiTao Zhang,China,CatEvil,6898.0,53.9,7172.0,0.96,74.2,2.6,395.0,10159.0,0.68,0.13,0.71,0.09,0.1,01.02
kUcheR,Emil Akhundov,Russia,No team,14944.0,44.0,15089.0,0.99,74.2,2.6,852.0,22314.0,0.67,0.15,0.68,0.1,0.1,0.97
Fadey,Rhys Armstrong,South Africa,ATK,10105.0,55.1,10643.0,0.95,75.9,3.6,572.0,14629.0,0.69,0.13,0.73,0.12,0.1,0.97
stk,Anupong Mueangngam,Thailand,LZ,10034.0,42.0,10257.0,0.98,74.5,3.0,591.0,15136.0,0.66,0.15,0.68,0.13,0.11,01.05
PKL,Vinicios Coelho,Brazil,paiN,17994.0,52.2,18376.0,0.98,74.3,3.9,1045.0,27296.0,0.66,0.14,0.67,0.1,0.09,0.97
ELUSIVE,Ruan van Wyk,South Africa,No team,6410.0,43.9,6354.0,01.01,69.6,3.6,397.0,10059.0,0.64,0.14,0.63,0.1,0.11,0.97
nafany,Vladislav Gorshkov,Russia,Gambit,14359.0,51.3,14881.0,0.96,74.8,4.8,806.0,21426.0,0.67,0.14,0.69,0.1,0.08,01.04
Aleksib,Aleksi Virolainen,Finland,OG,16442.0,39.3,16609.0,0.99,75.3,8.5,959.0,25352.0,0.65,0.17,0.66,0.11,0.1,0.97
SOKER,Aitor Fernández,Spain,x6tence,11378.0,42.5,11813.0,0.96,75.6,2.8,639.0,16759.0,0.68,0.15,0.7,0.12,0.11,0.97
DEVIL,Timothée Démolon,France,UBITEAM,11006.0,48.2,11297.0,0.97,73.3,3.7,636.0,16582.0,0.66,0.13,0.68,0.1,0.09,0.97
MAIROLLS,Maitri Sukrob,Thailand,LZ,8516.0,49.1,8729.0,0.98,73.2,3.5,495.0,12791.0,0.67,0.13,0.68,0.1,0.1,01.02
Surreal,Kia Man,United Kingdom,Endpoint,24229.0,43.2,24889.0,0.97,72.5,3.3,1406.0,36832.0,0.66,0.13,0.68,0.1,0.09,0.97
gabesson,Gábor Málovics,Hungary,No team,7943.0,42.1,8207.0,0.97,76.0,4.6,441.0,11654.0,0.68,0.16,0.7,0.11,0.11,0.97
pesadelo,Matheus Panisset,Brazil,TeamOne,9112.0,44.4,9541.0,0.96,75.6,6.1,516.0,13474.0,0.68,0.14,0.71,0.1,0.09,01.02
seized,Denis Kostin,Russia,Singularity,26155.0,45.8,26772.0,0.98,72.6,5.4,1497.0,39393.0,0.66,0.15,0.68,0.08,0.07,0.97
misutaaa,Kévin Rabier,France,Vitality,6310.0,54.8,6533.0,0.97,69.1,2.8,372.0,9811.0,0.64,0.11,0.67,0.12,0.11,01.01
Mayker,Daryl May,Australia,No team,7380.0,49.1,7600.0,0.97,72.9,4.6,433.0,11216.0,0.66,0.13,0.68,0.1,0.1,01.01
KHRN,Jesse Grandell,Finland,No team,15822.0,48.0,16067.0,0.98,71.0,4.7,935.0,24443.0,0.65,0.14,0.66,0.1,0.1,0.97
Leaf,Sattawut Reathong,Thailand,No team,6618.0,44.2,6689.0,0.99,72.1,3.5,398.0,10120.0,0.65,0.13,0.66,0.09,0.08,01.02
SEMINTE,Valentin Bodea,Romania,Nexus,10693.0,49.2,11101.0,0.96,72.4,3.0,618.0,16169.0,0.66,0.13,0.69,0.09,0.1,0.97
starix,Sergey Ischuk,Ukraine,AVE,10761.0,47.6,11002.0,0.98,73.5,3.8,625.0,16451.0,0.65,0.14,0.67,0.09,0.09,0.97
reltuC,Stephen Cutler,United States,No team,14788.0,40.5,14862.0,1.0,73.3,3.7,865.0,22664.0,0.65,0.15,0.66,0.09,0.1,0.97
LUCAS1,Lucas Teles,Brazil,No team,15923.0,47.0,16381.0,0.97,76.7,3.9,934.0,24242.0,0.66,0.16,0.68,0.1,0.09,0.97
w1nt3r,Alikhan Kopzhanov,Kazakhstan,Unique,8308.0,50.0,8399.0,0.99,72.2,3.9,483.0,12921.0,0.64,0.12,0.65,0.09,0.1,01.01
Hyper,Bartosz Wolny,Poland,ex-Izako Boars,11144.0,41.8,11311.0,0.99,69.9,2.8,646.0,16949.0,0.66,0.12,0.67,0.08,0.08,0.96
Maniac,Mathieu Quiquerez,Switzerland,No team,14478.0,39.4,14866.0,0.97,74.4,2.1,837.0,22049.0,0.66,0.14,0.67,0.08,0.08,0.96
phr,Tomasz Wójcik,Poland,No team,21990.0,53.6,22424.0,0.98,73.1,5.7,1256.0,33631.0,0.65,0.13,0.67,0.09,0.09,01.02
SmithZz,Edouard Dubourdeaux,France,No team,19726.0,41.4,20269.0,0.97,66.1,2.3,1161.0,30130.0,0.65,0.14,0.67,0.1,0.08,0.96
chopper,Leonid Vishnyakov,Russia,Spirit,17722.0,57.5,18167.0,0.98,72.2,4.3,1027.0,27181.0,0.65,0.13,0.67,0.1,0.08,0.96
ProbLeM,Dmitriy Martinov,Russia,GMT,8878.0,48.9,9130.0,0.97,74.4,4.6,497.0,13492.0,0.66,0.13,0.68,0.1,0.09,01.03
0i,ZhiWei Liu,China,No team,8436.0,55.9,8776.0,0.96,73.9,3.3,475.0,12428.0,0.68,0.13,0.71,0.1,0.1,01.01
kaper,Kacper Słoma,Poland,GRAFICIARZE,9154.0,44.2,9322.0,0.98,72.1,3.8,536.0,14240.0,0.64,0.14,0.65,0.1,0.1,01.02
HOLMES,Petar Dimitrijević,Serbia,Marten,7559.0,44.9,7859.0,0.96,78.1,4.4,429.0,11217.0,0.67,0.15,0.7,0.1,0.1,0.96
maeVe,Lasse Elgaard,Denmark,No team,8154.0,40.5,8285.0,0.98,72.3,3.5,487.0,12606.0,0.65,0.14,0.66,0.08,0.07,0.96
Kairi,David de Miguel,Spain,GTZ Bulls,6763.0,37.7,6967.0,0.97,74.1,6.0,404.0,10297.0,0.66,0.15,0.68,0.1,0.09,0.96
Tommy,Kumaresan Ramani,Singapore,No team,6700.0,46.0,7023.0,0.95,76.2,2.9,387.0,9900.0,0.68,0.15,0.71,0.12,0.1,01.04
SADDYX,Tuomas Louhimaa,Finland,No team,11339.0,47.6,11705.0,0.97,74.6,6.0,644.0,17265.0,0.66,0.14,0.68,0.1,0.1,01.03
bodito,Patrik Boda,Hungary,No team,7452.0,46.7,7841.0,0.95,74.1,3.3,412.0,11052.0,0.67,0.14,0.71,0.11,0.1,0.96
expro,Heng Yang,China,Lynn Vision,7164.0,44.5,7411.0,0.97,75.3,4.2,400.0,10629.0,0.67,0.13,0.7,0.1,0.09,01.03
tiziaN,Tizian Feldbusch,Germany,BIG,28083.0,56.1,28770.0,0.98,71.6,4.7,1656.0,43748.0,0.64,0.13,0.66,0.09,0.09,0.96
stanislaw,Peter Jarguz,Canada,No team,21299.0,47.6,21772.0,0.98,72.7,6.0,1281.0,33169.0,0.64,0.14,0.66,0.1,0.09,0.96
Snappi,Marco Pfeiffer,Denmark,ENCE,25327.0,45.6,26038.0,0.97,73.0,4.4,1465.0,38620.0,0.66,0.13,0.67,0.09,0.08,0.96
xms,Alexandre Forté,France,No team,12206.0,59.0,12830.0,0.95,71.0,2.9,712.0,18783.0,0.65,0.12,0.68,0.11,0.1,0.96
nbl,Nabil Aleua,Argentina,Meta,9799.0,51.2,10247.0,0.96,72.5,3.6,570.0,14732.0,0.67,0.14,0.7,0.11,0.1,0.96
maNkz,Marcus Kjeldsen,Denmark,ECSTATIC,9636.0,52.5,10009.0,0.96,72.9,5.2,558.0,14932.0,0.65,0.14,0.67,0.11,0.11,01.03
Uber,Michael Stapells,Canada,No team,6674.0,50.2,6973.0,0.96,73.6,3.9,398.0,10027.0,0.67,0.14,0.7,0.12,0.11,0.96
FinigaN,Vladislav Usov,Russia,AVANGAR,7717.0,50.7,7758.0,0.99,68.6,4.4,459.0,12310.0,0.63,0.12,0.63,0.1,0.1,01.01
JT,Johnny Theodosiou,South Africa,Extra Salt,16471.0,48.3,17089.0,0.96,72.5,4.7,986.0,25533.0,0.65,0.14,0.67,0.12,0.11,01.03
glow,Min-Soo Kim,Korea,No team,6438.0,51.9,6537.0,0.98,69.5,3.2,395.0,10045.0,0.64,0.12,0.65,0.11,0.11,01.01
Kvik,Aurimas Kvakšys,Lithuania,No team,13682.0,42.7,14349.0,0.95,75.1,3.8,780.0,20389.0,0.67,0.14,0.7,0.1,0.1,0.96
NEO,Filip Kubski,Poland,HONORIS,33803.0,37.8,35178.0,0.96,72.2,5.8,1989.0,51913.0,0.65,0.16,0.68,0.09,0.08,0.96
RZU,Jeff Ngo,United States,Triumph,7071.0,54.3,7464.0,0.95,73.6,3.5,398.0,10431.0,0.68,0.13,0.72,0.11,0.1,01.01
MAJ3R,Engin Küpeli,Turkey,No team,17858.0,48.8,18382.0,0.97,73.9,4.9,1050.0,27515.0,0.65,0.14,0.67,0.08,0.08,0.96
friberg,Adam Friberg,Sweden,Dignitas,31906.0,47.3,33305.0,0.96,70.6,5.1,1883.0,48910.0,0.65,0.16,0.68,0.11,0.1,0.96
LOGAN,Logan Corti,France,No team,10091.0,55.2,10391.0,0.97,70.6,2.6,590.0,15692.0,0.64,0.12,0.66,0.1,0.1,01.01
smF,Danni Dyg,Denmark,LPSP,13564.0,56.2,13924.0,0.97,69.6,4.5,811.0,21252.0,0.64,0.13,0.66,0.11,0.11,0.96
Kristou,Kristoffer Aamand,Denmark,No team,6421.0,43.9,6748.0,0.95,67.9,3.3,375.0,9885.0,0.65,0.09,0.68,0.09,0.08,0.99
tahsiN,Tahsin Broschk,Germany,CCO,10211.0,44.7,10829.0,0.94,72.7,4.8,588.0,15274.0,0.67,0.14,0.71,0.09,0.08,0.96
dezon,Adam Wahlqvist,Sweden,Savage,8097.0,52.6,8291.0,0.98,70.0,4.7,482.0,12929.0,0.63,0.13,0.64,0.1,0.09,01.01
YJ,Lucas Yuji,Brazil,No team,8424.0,41.6,8495.0,0.99,71.0,4.1,514.0,13425.0,0.63,0.13,0.63,0.07,0.08,1.0
kinqie,Semyon Lisitsyn,Russia,FreeTON,11130.0,57.1,11727.0,0.95,74.7,4.6,631.0,16775.0,0.66,0.13,0.7,0.11,0.09,0.96
Walco,Colby Walsh,Canada,RBG,6680.0,58.4,7106.0,0.94,73.7,7.7,379.0,10064.0,0.66,0.13,0.71,0.1,0.1,01.01
ponczek,Patryk Wites,Poland,Dolej Miodu,8528.0,44.5,8767.0,0.97,70.8,4.0,496.0,13346.0,0.64,0.13,0.66,0.09,0.08,01.01
devoduvek,David Dobrosavljevic,France,Ambush,10752.0,49.7,11280.0,0.95,76.0,3.4,620.0,16394.0,0.66,0.15,0.69,0.1,0.09,0.95
beastik,Sebastian Daňo,Czech Republic,SINNERS,9763.0,55.9,10236.0,0.95,71.3,4.8,567.0,15159.0,0.64,0.13,0.68,0.11,0.08,01.02
denis,Denis Howell,Germany,No team,32721.0,44.3,34569.0,0.95,75.0,3.6,1830.0,48692.0,0.67,0.14,0.71,0.11,0.09,0.95
alexRr,Alexander Frisch,Germany,No team,7438.0,39.8,7992.0,0.93,72.6,3.8,433.0,11346.0,0.66,0.12,0.7,0.09,0.07,0.95
steel,Lucas Lopes,Brazil,No team,23927.0,40.8,24725.0,0.97,71.9,3.6,1416.0,37000.0,0.65,0.13,0.67,0.1,0.09,0.95
dumz,Miran Matković,Sweden,No team,7889.0,48.4,8209.0,0.96,71.2,3.1,455.0,12074.0,0.65,0.12,0.68,0.1,0.09,0.95
TaZ,Wiktor Wojtas,Poland,HONORIS,36262.0,51.4,37672.0,0.96,67.7,2.3,2120.0,55651.0,0.65,0.13,0.68,0.11,0.09,0.95
caike,Caike Costa,Brazil,Los Grandes,8311.0,42.6,8666.0,0.96,71.6,4.0,489.0,12784.0,0.65,0.14,0.68,0.1,0.09,0.95
dERZKIY,Igor Radosavlevich,Belarus,No team,7040.0,53.9,7428.0,0.95,72.2,2.3,407.0,10613.0,0.66,0.13,0.7,0.1,0.11,0.95
Console,Mads Skovby,Denmark,No team,11948.0,39.5,12530.0,0.95,74.0,3.2,708.0,18612.0,0.64,0.15,0.67,0.11,0.09,0.95
CONNOR93,Connor Glover,Canada,No team,7738.0,51.7,8195.0,0.94,72.8,2.7,449.0,11544.0,0.67,0.12,0.71,0.11,0.1,0.95
soju_j,Jay Jeong,New Zealand,No team,9148.0,41.2,9558.0,0.96,72.1,4.2,554.0,14231.0,0.64,0.14,0.67,0.11,0.1,01.01
darko,Kacper Ściera,Poland,No team,14167.0,44.9,14957.0,0.95,75.0,6.6,796.0,21582.0,0.66,0.14,0.69,0.1,0.09,01.02
AcilioN,Asger Larsen,Denmark,Apeks,27812.0,43.8,29109.0,0.96,72.3,4.3,1627.0,42901.0,0.65,0.15,0.68,0.11,0.09,0.95
KrizzeN,Aidyn Turlybekov,Kazakhstan,No team,12720.0,54.9,13088.0,0.97,71.4,3.9,763.0,20020.0,0.64,0.14,0.65,0.1,0.09,01.01
Grusarn,Sander Iversen,Norway,777,8731.0,64.1,9399.0,0.93,73.1,5.3,484.0,13198.0,0.66,0.13,0.71,0.1,0.09,01.01
oxygeN,Blagoi Dimitrov,Bulgaria,No team,8473.0,59.4,8892.0,0.95,68.3,4.2,503.0,13505.0,0.63,0.11,0.66,0.1,0.08,1.0
flashie,Viktor Tamás Bea,Hungary,CLG Red,10033.0,41.9,10555.0,0.95,72.3,3.8,585.0,15493.0,0.65,0.14,0.68,0.1,0.09,0.95
strux1,Hendrik Goetzendorff,Germany,No team,6648.0,36.3,6894.0,0.96,76.0,1.8,403.0,10276.0,0.65,0.14,0.67,0.09,0.09,0.95
RAiLWAY,Artem Gradovich,Russia,GMT,7274.0,55.2,7881.0,0.92,76.6,4.7,397.0,10657.0,0.68,0.13,0.74,0.09,0.09,1.0
arvid,Tony Niemelä,Finland,No team,15544.0,44.8,16550.0,0.94,73.2,4.4,889.0,23841.0,0.65,0.14,0.69,0.1,0.1,0.95
ecfN,Lukas Kauer,Germany,No team,7387.0,53.8,7858.0,0.94,75.1,3.1,426.0,11214.0,0.66,0.14,0.7,0.12,0.11,0.95
Karsa,QiFang Su,China,TSG,7360.0,48.7,7650.0,0.96,70.5,3.7,457.0,11674.0,0.63,0.14,0.66,0.1,0.09,0.95
nosraC,Carson O'Reilly,United States,ChocoCheck,6550.0,51.2,7015.0,0.93,74.8,5.8,377.0,9956.0,0.66,0.14,0.7,0.09,0.08,01.01
Inzta,Peter Kragelund,Denmark,No team,12779.0,43.9,13628.0,0.94,72.5,2.6,754.0,19798.0,0.65,0.14,0.69,0.1,0.09,0.94
TOAO,Mateusz Zawistowski,Poland,ex-Izako Boars,18190.0,47.9,19159.0,0.95,69.6,4.7,1075.0,28658.0,0.63,0.12,0.67,0.09,0.08,0.99
H4RR3,Haris Hadzic,Norway,777,10198.0,50.9,10948.0,0.93,74.0,4.6,581.0,15621.0,0.65,0.14,0.7,0.12,0.1,01.03
Rock1nG,Ivan Stratiev,Bulgaria,No team,15257.0,55.3,16282.0,0.94,74.1,5.0,883.0,23271.0,0.66,0.14,0.7,0.1,0.09,01.01
uNdo,Alexander Kiziukevich,Belarus,VRTX,7217.0,54.3,7588.0,0.95,70.3,2.8,431.0,11262.0,0.64,0.12,0.67,0.08,0.09,0.94
vSa,Andy Xu,Canada,No team,6351.0,42.5,6673.0,0.95,70.6,2.8,385.0,10066.0,0.63,0.15,0.66,0.12,0.11,0.94
Sidney,Patryk Korab,Poland,UNGENTIUM,6163.0,50.3,6464.0,0.95,70.7,6.7,367.0,9899.0,0.62,0.14,0.65,0.1,0.09,1.0
Fifflaren,Robin Johansson,Sweden,No team,7894.0,37.5,7934.0,0.99,91.7,6.2,538.0,13220.0,0.6,0.15,0.6,0.04,0.16,0.94
kzy,Oliver Heck,Germany,EPIC DUDES,16347.0,47.6,17186.0,0.95,72.6,4.8,983.0,25625.0,0.64,0.14,0.67,0.09,0.09,0.94
SileNt,Samuel Portillo,United States,No team,10751.0,36.1,11539.0,0.93,70.9,2.6,624.0,16235.0,0.66,0.12,0.71,0.1,0.09,0.94
boX,Anton Burko,Belarus,Nemiga,20686.0,43.6,21975.0,0.94,75.2,5.8,1202.0,32028.0,0.65,0.16,0.69,0.1,0.08,01.04
tonyblack,Anton Kolesnikov,Russia,No team,13828.0,48.6,14553.0,0.95,69.6,3.8,826.0,21699.0,0.64,0.13,0.67,0.08,0.08,0.94
Twixie,Samuli Herrala,Finland,KOVA,11780.0,48.2,12518.0,0.94,71.8,5.2,684.0,18567.0,0.63,0.13,0.67,0.1,0.09,1.0
matty,Mateusz Kołodziejczyk,Poland,EC Brugge,8401.0,40.1,8945.0,0.94,77.0,5.8,484.0,12809.0,0.66,0.17,0.7,0.1,0.11,0.94
arch,Vladyslav Svistov,Ukraine,No team,10295.0,49.0,10953.0,0.94,72.7,2.2,593.0,15530.0,0.66,0.13,0.71,0.1,0.1,0.94
tutehen,Matias Canale,Argentina,VELOX,7111.0,46.3,7467.0,0.95,71.2,4.4,432.0,11167.0,0.64,0.14,0.67,0.11,0.11,0.94
EXUS,Konrad Jeńczeń,Poland,UNGENTIUM,14056.0,42.6,15055.0,0.93,71.1,3.5,813.0,21655.0,0.65,0.13,0.7,0.1,0.09,0.94
LOMME,Frederik Nielsen,Denmark,No team,10221.0,42.5,10753.0,0.95,72.0,4.5,623.0,16172.0,0.63,0.15,0.66,0.1,0.09,0.94
Polly,Pål Kammen,Norway,Apeks,7542.0,41.2,8087.0,0.93,63.9,3.0,451.0,11723.0,0.64,0.12,0.69,0.09,0.07,0.94
Ex6TenZ,Kévin Droolans,Belgium,No team,22665.0,41.5,23729.0,0.96,74.8,4.0,1393.0,36352.0,0.62,0.15,0.65,0.09,0.08,0.94
ub1que,Alexey Polivanov,Russia,No team,8319.0,41.8,8815.0,0.94,73.3,3.1,491.0,12691.0,0.66,0.13,0.69,0.09,0.09,0.94
RIZZZ,Rui Lima,Portugal,OFFSET,6877.0,51.9,7423.0,0.93,70.9,3.8,413.0,10830.0,0.63,0.13,0.69,0.12,0.11,1.0
Shakezullah,Alan Hardeman,United States,Bad News Bears,11747.0,42.9,12187.0,0.96,68.6,4.9,739.0,19197.0,0.61,0.12,0.63,0.1,0.08,1.0
interz,Timofey Yakushin,Russia,Gambit,12093.0,50.3,12288.0,0.98,63.2,5.0,788.0,20974.0,0.58,0.12,0.59,0.1,0.1,0.99
DANZ,Daniel Whitfield,Australia,Kanga,6569.0,42.4,7149.0,0.92,72.0,2.3,380.0,9912.0,0.66,0.13,0.72,0.09,0.1,0.94
Noisia,Alec Gulabovski,Australia,No team,9682.0,43.7,10298.0,0.94,72.5,4.8,579.0,15033.0,0.64,0.14,0.69,0.09,0.08,0.99
rafftu,Kostadin Turbinov,Bulgaria,FATE,8368.0,51.9,8905.0,0.94,70.5,3.3,485.0,13007.0,0.64,0.13,0.68,0.12,0.11,1.0
ngiN,Engin Kor,Turkey,No team,16499.0,45.3,17247.0,0.96,68.4,4.1,1025.0,26895.0,0.61,0.13,0.64,0.09,0.09,0.94
forget,Lei Li,China,No team,7723.0,50.3,8457.0,0.91,75.3,4.3,442.0,11512.0,0.67,0.14,0.73,0.1,0.08,0.94
neaLaN,Sanzhar Iskhakov,Kazakhstan,K23,16604.0,55.7,17821.0,0.93,74.3,4.7,956.0,25467.0,0.65,0.14,0.7,0.09,0.09,1.0
repo,Karol Cybulski,Poland,No team,8606.0,46.6,9263.0,0.93,69.3,3.7,503.0,13199.0,0.65,0.13,0.7,0.1,0.09,0.93
emi,Luka Vuković,Serbia,FunPlus Phoenix,17763.0,52.2,18986.0,0.94,72.3,5.6,1067.0,27762.0,0.64,0.15,0.68,0.12,0.1,0.93
Duplicate,Viktor Mitev,Bulgaria,No team,13486.0,51.5,14521.0,0.93,72.4,6.4,801.0,21369.0,0.63,0.14,0.68,0.11,0.1,1.0
hutji,Pavel Lashkov,Russia,No team,7719.0,48.4,8383.0,0.92,72.0,4.0,453.0,12010.0,0.64,0.14,0.7,0.1,0.1,0.93
crisby,Christian Schmitt,Germany,Strife,20591.0,54.4,22400.0,0.92,71.5,3.4,1208.0,31517.0,0.65,0.13,0.71,0.11,0.1,0.93
quix,Max Lindkvist,Sweden,Lilmix,16096.0,47.3,17803.0,0.9,75.0,5.4,905.0,24005.0,0.67,0.14,0.74,0.09,0.08,0.93
kiR,Andreas Kirstein,Denmark,Tricked,7569.0,62.5,8307.0,0.91,72.7,4.5,432.0,11632.0,0.65,0.12,0.71,0.09,0.1,0.98
mynio,Wiktor Kruk,Poland,No team,12785.0,44.8,13995.0,0.91,77.2,6.8,736.0,19735.0,0.65,0.16,0.71,0.09,0.08,0.93
TACO,Epitacio de Melo,Brazil,GODSENT,21092.0,50.2,22295.0,0.95,67.6,4.3,1330.0,34588.0,0.61,0.12,0.64,0.08,0.07,0.93
SkulL,Jordan Newland,Australia,Overt,9498.0,42.6,10511.0,0.9,75.8,5.5,554.0,14445.0,0.66,0.15,0.73,0.11,0.1,01.01
arki,Omar Chakkor,Spain,SAW,12668.0,52.8,13675.0,0.93,71.0,5.5,770.0,20254.0,0.63,0.15,0.68,0.1,0.08,0.93
S0tF1k,Dmitry Forostyanko,Russia,Spirit Academy,21248.0,49.1,23127.0,0.92,71.5,5.3,1282.0,33767.0,0.63,0.14,0.68,0.1,0.09,0.92
hitMouse,Kirill Tsarev,Belarus,NewBelarus,8785.0,49.0,9410.0,0.93,71.2,4.5,538.0,14028.0,0.63,0.13,0.67,0.09,0.09,0.92
aVN,Filip Belojica,Serbia,4glory,8158.0,52.9,8814.0,0.93,69.4,2.7,486.0,12857.0,0.63,0.12,0.69,0.11,0.11,0.92
Xp3,David Garrido,France,No team,8326.0,39.7,9118.0,0.91,70.5,3.4,502.0,13113.0,0.63,0.13,0.7,0.09,0.08,0.92
Dav,David Miljanić,Serbia,No team,6837.0,41.4,7508.0,0.91,71.9,4.6,420.0,10851.0,0.63,0.15,0.69,0.11,0.11,0.92
t0rick,Maksim Zaikin,Azerbaijan,MayBe,6127.0,45.9,6662.0,0.92,71.5,2.8,368.0,9630.0,0.64,0.13,0.69,0.09,0.08,0.92
ncl,Bold Batsuh,Mongolia,Mazaalai,8091.0,49.2,8677.0,0.93,69.3,3.8,505.0,12970.0,0.62,0.14,0.67,0.11,0.09,0.92
pNshr,Nikolay Paunin,Bulgaria,SKADE,9802.0,43.2,10611.0,0.92,71.1,3.1,595.0,15532.0,0.63,0.15,0.68,0.1,0.09,0.92
MSL,Mathias Lauridsen,Denmark,No team,28897.0,39.9,32141.0,0.9,70.8,3.8,1715.0,44808.0,0.64,0.15,0.72,0.11,0.08,0.92
akez,Kristian Kornbakk,Norway,777,7030.0,55.4,7807.0,0.9,71.6,3.4,412.0,11120.0,0.63,0.13,0.7,0.11,0.1,0.92
SANJI,Sanjar Kuliev,Uzbekistan,Virtus.pro,12151.0,62.2,13149.0,0.92,68.8,3.9,743.0,19879.0,0.61,0.12,0.66,0.1,0.08,0.97
Luz,Maciek Bugaj,Poland,StylDunow,10739.0,48.2,11696.0,0.92,72.8,3.2,647.0,16970.0,0.63,0.14,0.69,0.1,0.09,0.92
Zeus,Danylo Teslenko,Ukraine,No team,23470.0,43.5,25460.0,0.92,69.9,5.5,1405.0,37152.0,0.63,0.17,0.69,0.11,0.08,0.92
nak,Renato Nakano,Brazil,No team,8158.0,44.5,8829.0,0.92,70.8,4.5,514.0,13305.0,0.61,0.15,0.66,0.1,0.09,0.92
arya,Arya Hekmat,United States,No team,7277.0,34.9,8145.0,0.89,72.6,3.5,440.0,11291.0,0.64,0.14,0.72,0.11,0.09,0.92
BTN,Cătălin-Ionuț Stănescu,Romania,Nexus,16937.0,54.0,18820.0,0.9,73.3,5.3,1008.0,26389.0,0.64,0.15,0.71,0.11,0.09,0.92
karrigan,Finn Andersen,Denmark,FaZe,31418.0,42.7,34679.0,0.91,68.8,5.0,1916.0,50131.0,0.63,0.13,0.69,0.09,0.07,0.92
pietola,Lauri Hietala,Finland,No team,6256.0,47.1,6848.0,0.91,69.4,5.0,383.0,10178.0,0.61,0.13,0.67,0.09,0.1,0.91
xartE,Mikko Välimaa,Finland,No team,18341.0,37.1,19976.0,0.92,69.8,6.3,1151.0,30254.0,0.61,0.15,0.66,0.09,0.09,0.91
tecek,Karol Kapczyński,Poland,No team,6383.0,38.1,7221.0,0.88,73.8,3.7,376.0,9987.0,0.64,0.16,0.72,0.11,0.08,0.91
LEGIJA,Nikola Ninić,Germany,No team,14245.0,49.8,15916.0,0.9,69.5,4.6,869.0,22614.0,0.63,0.14,0.7,0.09,0.08,0.91
roman,Roman Redihin,Belarus,No team,6787.0,55.0,7451.0,0.91,69.6,3.0,414.0,10880.0,0.62,0.14,0.68,0.11,0.1,0.91
Shara,Oleksandr Hordieyev,Ukraine,spray'n'pray,6329.0,51.8,7071.0,0.9,74.4,2.6,383.0,9929.0,0.64,0.14,0.71,0.08,0.07,0.91
wayLander,Jan Rahkonen,Russia,No team,13258.0,51.8,14973.0,0.89,70.8,3.2,794.0,20857.0,0.64,0.13,0.72,0.08,0.07,0.91
svyat,Svyatoslav Dovbakh,Russia,AVE,11334.0,51.8,12431.0,0.91,69.4,4.6,699.0,18740.0,0.6,0.13,0.66,0.09,0.09,0.97
BONA,Verneri Junkala,Finland,SJ,7931.0,52.1,8874.0,0.89,69.9,4.5,476.0,12674.0,0.63,0.13,0.7,0.1,0.1,0.91
sAw,Eetu Saha,Finland,ENCE,20522.0,47.9,22630.0,0.91,69.3,6.1,1267.0,33681.0,0.61,0.16,0.67,0.11,0.09,0.9
kRYSTAL,Kevin Amend,Germany,cowana,28980.0,36.6,32252.0,0.9,67.2,5.3,1827.0,47777.0,0.61,0.14,0.68,0.1,0.08,0.9
Golden,Maikil Selim,Sweden,Finest,13600.0,53.4,15387.0,0.88,69.5,5.4,829.0,22053.0,0.62,0.14,0.7,0.1,0.09,0.95
MiGHTYMAX,Max Heath,United Kingdom,Endpoint,16640.0,49.2,18535.0,0.9,66.5,5.3,1062.0,28145.0,0.59,0.13,0.66,0.1,0.09,0.9
crush,Igor Shevchenko,Ukraine,No team,11789.0,52.5,13256.0,0.89,69.8,4.9,729.0,19205.0,0.61,0.13,0.69,0.09,0.07,0.9
balblna,Gregory Oleinick,Russia,No team,9791.0,49.8,11024.0,0.89,70.4,5.1,611.0,16017.0,0.61,0.15,0.69,0.11,0.1,0.9
ben1337,Ben Smith,United States,Party Astronauts,13247.0,46.8,14869.0,0.89,69.6,4.9,825.0,21609.0,0.61,0.14,0.69,0.11,0.09,0.97
lunAtic,Dawid Cieślak,Poland,PACT,13883.0,38.6,15479.0,0.9,67.9,5.3,837.0,22734.0,0.61,0.13,0.68,0.1,0.09,0.9
sycrone,Dennis Nielsen,Denmark,MOUZ,8771.0,41.1,9749.0,0.9,70.4,4.3,553.0,14608.0,0.6,0.15,0.67,0.1,0.09,0.9
nkl,Nikolay Krastev,Bulgaria,No team,9990.0,42.9,11036.0,0.91,68.3,3.3,642.0,16554.0,0.6,0.15,0.67,0.1,0.07,0.9
hooch,Dmitry Bogdanov,Russia,Entropiq,14410.0,41.8,16212.0,0.89,70.9,4.4,894.0,23450.0,0.61,0.14,0.69,0.08,0.07,0.9
Loord,Mariusz Cybulski,Poland,Wisla Krakow,5788.0,41.2,6394.0,0.91,48.5,5.0,369.0,9412.0,0.61,0.15,0.68,0.09,0.07,0.9
FNS,Pujan Mehta,Canada,No team,15287.0,45.9,17081.0,0.89,68.0,4.1,953.0,25080.0,0.61,0.14,0.68,0.1,0.08,0.89
spiker,Alexander Ivanov,Russia,No team,6837.0,42.7,7811.0,0.88,71.5,2.6,415.0,10974.0,0.62,0.14,0.71,0.08,0.08,0.89
Psycho,Alexandr Zlobin,Ukraine,Run or Die,7668.0,52.0,8665.0,0.88,70.5,6.5,471.0,12589.0,0.61,0.15,0.69,0.1,0.09,0.96
JiNKZ,Gaëtan Jamin,France,No team,8657.0,53.5,9850.0,0.88,69.7,3.8,542.0,14411.0,0.6,0.15,0.68,0.11,0.09,0.97
MAiNLiNE,Michael Jaber,United States,No team,6904.0,51.7,7968.0,0.87,69.1,2.4,437.0,11092.0,0.62,0.14,0.72,0.11,0.09,0.89
pronax,Markus Wallsten,Sweden,No team,18722.0,45.8,20989.0,0.89,64.7,4.0,1199.0,31403.0,0.6,0.14,0.67,0.09,0.08,0.89
Polen,Adam Polen,United States,No team,7017.0,53.3,7995.0,0.88,69.8,4.3,435.0,11470.0,0.61,0.14,0.7,0.1,0.08,0.89
ScrunK,Robin Röpke,Germany,Sangal,13951.0,46.7,16229.0,0.86,71.4,6.7,855.0,22740.0,0.61,0.14,0.71,0.1,0.08,0.89
Lambert,Lambert Prigent,France,LDLC,11962.0,37.1,13543.0,0.88,63.4,3.6,775.0,20411.0,0.59,0.11,0.66,0.09,0.08,0.88
LeX,Alexander Deily,United States,Mythic,7352.0,44.6,8606.0,0.85,71.0,4.0,458.0,11824.0,0.62,0.14,0.73,0.1,0.08,0.88
torben,Nicolai Amorim,Denmark,No team,8176.0,49.5,9372.0,0.87,66.2,3.7,532.0,13939.0,0.59,0.12,0.67,0.1,0.09,0.93
JD,Damian Simonovic,Australia,No team,6071.0,47.0,7176.0,0.85,71.2,5.0,374.0,9620.0,0.63,0.15,0.75,0.12,0.09,0.94
seang@res,Sean Gares,United States,Old Guys Club,10904.0,40.2,12533.0,0.87,67.4,4.8,713.0,18391.0,0.59,0.14,0.68,0.11,0.08,0.88
advent,Zhuo Liang,China,ViCi,14934.0,49.8,16899.0,0.88,62.2,4.4,1038.0,26635.0,0.56,0.13,0.63,0.11,0.1,0.87
flowsicK,Kyle Mendez,United States,No team,6257.0,47.4,7304.0,0.86,73.6,3.7,395.0,10074.0,0.62,0.15,0.73,0.11,0.08,0.87
BERRY,Danny Krüger,Denmark,Sprout,12946.0,38.0,15271.0,0.85,71.7,5.8,799.0,20911.0,0.62,0.15,0.73,0.1,0.08,0.87
birdfromsky,Thomas Due-Frederiksen,Denmark,ECSTATIC,10802.0,42.4,12526.0,0.86,72.0,7.4,676.0,18105.0,0.6,0.17,0.69,0.14,0.09,0.98
daps,Damian Steele,Canada,Orgless,15610.0,40.2,18006.0,0.87,66.5,4.4,1038.0,27117.0,0.58,0.14,0.66,0.1,0.07,0.87
nawrot,Piotr Nawrocki,Poland,MONKE,9660.0,47.0,11379.0,0.85,66.1,4.0,597.0,16011.0,0.6,0.12,0.71,0.1,0.09,0.92
HooXi,Rasmus Nielsen,Denmark,Copenhagen Flames,10836.0,49.8,12733.0,0.85,68.6,5.9,690.0,18470.0,0.59,0.14,0.69,0.09,0.08,0.87
def,Dima Lemeshchuk,Ukraine,No team,9243.0,41.8,10836.0,0.85,67.4,3.4,605.0,15797.0,0.59,0.14,0.69,0.11,0.08,0.86
djL,Daniel Narancic,Sweden,NIP,10263.0,47.3,11998.0,0.86,63.0,3.0,688.0,18180.0,0.56,0.12,0.66,0.1,0.08,0.91
Devilwalk,Jonatan Lundberg,Sweden,No team,6122.0,51.3,7223.0,0.85,69.8,3.9,400.0,10494.0,0.58,0.16,0.69,0.12,0.08,0.86
Twista,Slaava Räsänen,Finland,No team,5863.0,35.9,7012.0,0.84,67.4,5.1,380.0,9970.0,0.59,0.16,0.7,0.09,0.09,0.85
gob b,Fatih Dayik,Germany,No team,14445.0,48.5,17256.0,0.84,66.6,6.0,975.0,25707.0,0.56,0.13,0.67,0.1,0.08,0.85
Slemmy,Alec White,United States,No team,6638.0,49.6,7951.0,0.83,63.7,3.2,445.0,11663.0,0.57,0.12,0.68,0.11,0.09,0.85
LONSDALE,Egor Baranov,New Zealand,No team,5551.0,42.0,6754.0,0.82,71.7,5.8,368.0,9415.0,0.59,0.16,0.72,0.09,0.07,0.85
SolEk,Manuel Zeindler,Switzerland,No team,5586.0,49.5,6871.0,0.81,60.9,2.6,377.0,9498.0,0.59,0.13,0.72,0.11,0.07,0.84
PASHANOJ,Pavel Legostaev,Russia,DNG,9147.0,53.5,11398.0,0.8,68.2,4.0,599.0,15675.0,0.58,0.13,0.73,0.1,0.07,0.9
B1ad3,Andrey Gorodenskiy,Ukraine,Natus Vincere,13472.0,41.9,16880.0,0.8,66.5,2.6,899.0,23232.0,0.58,0.16,0.73,0.1,0.07,0.83
netrick,Jonas Wenzelsen,Denmark,AGF,6740.0,48.2,8472.0,0.8,66.7,6.6,454.0,11952.0,0.56,0.14,0.71,0.11,0.09,0.82
HUNDEN,Nicolai Petersen,Denmark,No team,22470.0,48.7,28708.0,0.78,64.4,4.5,1578.0,41153.0,0.55,0.14,0.7,0.11,0.09,0.81
RuFire,Aleksei Burakov,Russia,VP.Prodigy,5517.0,48.0,7403.0,0.75,66.6,4.7,379.0,10053.0,0.55,0.14,0.74,0.09,0.06,0.84
OCEAN,Kyle O'Brien,Canada,No team,5530.0,44.3,7492.0,0.74,59.7,3.6,410.0,10602.0,0.52,0.12,0.71,0.09,0.08,0.77